-Inf,-Inf,-Inf,-Inf,-Inf,-Inf,-Inf,-Inf,-Inf,-Inf,-Inf,-Inf,-Inf,-Inf,-2.5615,-2.0835,-1.865,-1.7228,-1.6178,-1.5351,-1.467,-1.4095,-1.36,-1.3166,-1.2782,-1.2439,-1.2131,-1.1853,-1.1601,-1.1373,-1.1165,-1.0976,-1.0806,-1.0652,-1.0515,-1.0395,-1.0292,-1.0206,-1.014,-1.0096,-1.0077,-1.0088,-1.0136,-1.0231,-1.0387,-1.0625,-1.098,-1.151,-1.2331,-1.3724,-1.6727,-Inf,-Inf,-Inf,-Inf,-Inf,-Inf,-Inf,-Inf,-Inf,-Inf,-Inf,-Inf,-Inf,-Inf,-Inf,-Inf,-Inf,-Inf,-Inf,-Inf,-Inf,-Inf,-Inf,-Inf,-1.6727,-1.3724,-1.2331,-1.151,-1.098,-1.0625,-1.0387,-1.0231,-1.0136,-1.0088,-1.0077,-1.0096,-1.014,-1.0206,-1.0292,-1.0395,-1.0515,-1.0652,-1.0806,-1.0976,-1.1165,-1.1373,-1.1601,-1.1853,-1.2131,-1.2439,-1.2782,-1.3166,-1.36,-1.4095,-1.467,-1.5351,-1.6178,-1.7228,-1.865,-2.0835,-2.5615,-Inf,-Inf,-Inf,-Inf,-Inf,-Inf,-Inf,-Inf,-Inf,-Inf,-Inf,-Inf,-Inf,-Inf
-Inf,-Inf,-Inf,-Inf,-Inf,-Inf,-Inf,-Inf,-Inf,-Inf,-Inf,-Inf,-Inf,-Inf,-2.5617,-2.0836,-1.865,-1.7228,-1.6179,-1.5351,-1.4671,-1.4096,-1.36,-1.3166,-1.2782,-1.2439,-1.2131,-1.1853,-1.1602,-1.1373,-1.1165,-1.0977,-1.0806,-1.0653,-1.0516,-1.0396,-1.0292,-1.0207,-1.0141,-1.0097,-1.0078,-1.0089,-1.0138,-1.0233,-1.039,-1.0629,-1.0985,-1.1518,-1.2343,-1.3746,-1.6788,-Inf,-Inf,-Inf,-Inf,-Inf,-Inf,-Inf,-Inf,-Inf,-Inf,-Inf,-1.9472,-1.9472,-Inf,-Inf,-Inf,-Inf,-Inf,-Inf,-Inf,-Inf,-Inf,-Inf,-Inf,-1.6788,-1.3746,-1.2343,-1.1518,-1.0985,-1.0629,-1.039,-1.0233,-1.0138,-1.0089,-1.0078,-1.0097,-1.0141,-1.0207,-1.0292,-1.0396,-1.0516,-1.0653,-1.0806,-1.0977,-1.1165,-1.1373,-1.1602,-1.1853,-1.2131,-1.2439,-1.2782,-1.3166,-1.36,-1.4096,-1.4671,-1.5351,-1.6179,-1.7228,-1.865,-2.0836,-2.5617,-Inf,-Inf,-Inf,-Inf,-Inf,-Inf,-Inf,-Inf,-Inf,-Inf,-Inf,-Inf,-Inf,-Inf
-Inf,-Inf,-Inf,-Inf,-Inf,-Inf,-Inf,-Inf,-Inf,-Inf,-Inf,-Inf,-Inf,-Inf,-2.5624,-2.0838,-1.8652,-1.7229,-1.618,-1.5352,-1.4671,-1.4096,-1.36,-1.3167,-1.2783,-1.244,-1.2132,-1.1854,-1.1602,-1.1374,-1.1166,-1.0978,-1.0807,-1.0654,-1.0517,-1.0397,-1.0294,-1.0209,-1.0143,-1.01,-1.0081,-1.0094,-1.0144,-1.0241,-1.0399,-1.0642,-1.1002,-1.1542,-1.2381,-1.3815,-1.698,-Inf,-Inf,-Inf,-Inf,-Inf,-Inf,-Inf,-Inf,-Inf,-Inf,-Inf,-Inf,-Inf,-Inf,-Inf,-Inf,-Inf,-Inf,-Inf,-Inf,-Inf,-Inf,-Inf,-Inf,-1.698,-1.3815,-1.2381,-1.1542,-1.1002,-1.0642,-1.0399,-1.0241,-1.0144,-1.0094,-1.0081,-1.01,-1.0143,-1.0209,-1.0294,-1.0397,-1.0517,-1.0654,-1.0807,-1.0978,-1.1166,-1.1374,-1.1602,-1.1854,-1.2132,-1.244,-1.2783,-1.3167,-1.36,-1.4096,-1.4671,-1.5352,-1.618,-1.7229,-1.8652,-2.0838,-2.5624,-Inf,-Inf,-Inf,-Inf,-Inf,-Inf,-Inf,-Inf,-Inf,-Inf,-Inf,-Inf,-Inf,-Inf
-Inf,-Inf,-Inf,-Inf,-Inf,-Inf,-Inf,-Inf,-Inf,-Inf,-Inf,-Inf,-Inf,-Inf,-2.5634,-2.0842,-1.8654,-1.7231,-1.6181,-1.5353,-1.4673,-1.4097,-1.3602,-1.3168,-1.2784,-1.2441,-1.2133,-1.1855,-1.1604,-1.1375,-1.1167,-1.0979,-1.0809,-1.0656,-1.0519,-1.0399,-1.0297,-1.0212,-1.0147,-1.0105,-1.0088,-1.0102,-1.0153,-1.0253,-1.0415,-1.0662,-1.103,-1.1582,-1.2444,-1.3932,-1.7323,-Inf,-Inf,-Inf,-Inf,-Inf,-Inf,-Inf,-Inf,-Inf,-Inf,-Inf,-Inf,-Inf,-Inf,-Inf,-Inf,-Inf,-Inf,-Inf,-Inf,-Inf,-Inf,-Inf,-Inf,-1.7323,-1.3932,-1.2444,-1.1582,-1.103,-1.0662,-1.0415,-1.0253,-1.0153,-1.0102,-1.0088,-1.0105,-1.0147,-1.0212,-1.0297,-1.0399,-1.0519,-1.0656,-1.0809,-1.0979,-1.1167,-1.1375,-1.1604,-1.1855,-1.2133,-1.2441,-1.2784,-1.3168,-1.3602,-1.4097,-1.4673,-1.5353,-1.6181,-1.7231,-1.8654,-2.0842,-2.5634,-Inf,-Inf,-Inf,-Inf,-Inf,-Inf,-Inf,-Inf,-Inf,-Inf,-Inf,-Inf,-Inf,-Inf
-Inf,-Inf,-Inf,-Inf,-Inf,-Inf,-Inf,-Inf,-Inf,-Inf,-Inf,-Inf,-Inf,-Inf,-2.5649,-2.0847,-1.8657,-1.7234,-1.6183,-1.5355,-1.4674,-1.4099,-1.3603,-1.3169,-1.2785,-1.2443,-1.2135,-1.1857,-1.1605,-1.1377,-1.1169,-1.0981,-1.0811,-1.0658,-1.0522,-1.0403,-1.0301,-1.0217,-1.0153,-1.0112,-1.0096,-1.0112,-1.0167,-1.027,-1.0437,-1.0692,-1.107,-1.164,-1.2535,-1.4102,-1.7861,-Inf,-Inf,-Inf,-Inf,-Inf,-Inf,-Inf,-Inf,-Inf,-Inf,-Inf,-1.4507,-1.4507,-Inf,-Inf,-Inf,-Inf,-Inf,-Inf,-Inf,-Inf,-Inf,-Inf,-Inf,-1.7861,-1.4102,-1.2535,-1.164,-1.107,-1.0692,-1.0437,-1.027,-1.0167,-1.0112,-1.0096,-1.0112,-1.0153,-1.0217,-1.0301,-1.0403,-1.0522,-1.0658,-1.0811,-1.0981,-1.1169,-1.1377,-1.1605,-1.1857,-1.2135,-1.2443,-1.2785,-1.3169,-1.3603,-1.4099,-1.4674,-1.5355,-1.6183,-1.7234,-1.8657,-2.0847,-2.5649,-Inf,-Inf,-Inf,-Inf,-Inf,-Inf,-Inf,-Inf,-Inf,-Inf,-Inf,-Inf,-Inf,-Inf
-Inf,-Inf,-Inf,-Inf,-Inf,-Inf,-Inf,-Inf,-Inf,-Inf,-Inf,-Inf,-Inf,-Inf,-2.5668,-2.0854,-1.8662,-1.7237,-1.6186,-1.5357,-1.4677,-1.4101,-1.3605,-1.3171,-1.2787,-1.2445,-1.2137,-1.1859,-1.1608,-1.1379,-1.1172,-1.0984,-1.0814,-1.0662,-1.0526,-1.0407,-1.0306,-1.0223,-1.0161,-1.0121,-1.0108,-1.0126,-1.0185,-1.0293,-1.0466,-1.073,-1.1123,-1.1716,-1.2656,-1.4335,-1.8686,-Inf,-Inf,-Inf,-Inf,-Inf,-Inf,-Inf,-Inf,-Inf,-Inf,-Inf,-1.4632,-1.4632,-Inf,-Inf,-Inf,-Inf,-Inf,-Inf,-Inf,-Inf,-Inf,-Inf,-Inf,-1.8686,-1.4335,-1.2656,-1.1716,-1.1123,-1.073,-1.0466,-1.0293,-1.0185,-1.0126,-1.0108,-1.0121,-1.0161,-1.0223,-1.0306,-1.0407,-1.0526,-1.0662,-1.0814,-1.0984,-1.1172,-1.1379,-1.1608,-1.1859,-1.2137,-1.2445,-1.2787,-1.3171,-1.3605,-1.4101,-1.4677,-1.5357,-1.6186,-1.7237,-1.8662,-2.0854,-2.5668,-Inf,-Inf,-Inf,-Inf,-Inf,-Inf,-Inf,-Inf,-Inf,-Inf,-Inf,-Inf,-Inf,-Inf
-Inf,-Inf,-Inf,-Inf,-Inf,-Inf,-Inf,-Inf,-Inf,-Inf,-Inf,-Inf,-Inf,-Inf,-2.5691,-2.0862,-1.8667,-1.7241,-1.619,-1.5361,-1.4679,-1.4104,-1.3608,-1.3174,-1.279,-1.2447,-1.214,-1.1862,-1.161,-1.1382,-1.1175,-1.0987,-1.0818,-1.0666,-1.0531,-1.0413,-1.0313,-1.0231,-1.017,-1.0132,-1.0122,-1.0144,-1.0206,-1.032,-1.0502,-1.0777,-1.1188,-1.1811,-1.281,-1.4643,-2.0004,-Inf,-Inf,-Inf,-Inf,-Inf,-Inf,-Inf,-Inf,-Inf,-Inf,-Inf,-Inf,-Inf,-Inf,-Inf,-Inf,-Inf,-Inf,-Inf,-Inf,-Inf,-Inf,-Inf,-Inf,-2.0004,-1.4643,-1.281,-1.1811,-1.1188,-1.0777,-1.0502,-1.032,-1.0206,-1.0144,-1.0122,-1.0132,-1.017,-1.0231,-1.0313,-1.0413,-1.0531,-1.0666,-1.0818,-1.0987,-1.1175,-1.1382,-1.161,-1.1862,-1.214,-1.2447,-1.279,-1.3174,-1.3608,-1.4104,-1.4679,-1.5361,-1.619,-1.7241,-1.8667,-2.0862,-2.5691,-Inf,-Inf,-Inf,-Inf,-Inf,-Inf,-Inf,-Inf,-Inf,-Inf,-Inf,-Inf,-Inf,-Inf
-Inf,-Inf,-Inf,-Inf,-Inf,-Inf,-Inf,-Inf,-Inf,-Inf,-Inf,-Inf,-Inf,-Inf,-2.5719,-2.0872,-1.8673,-1.7246,-1.6194,-1.5364,-1.4683,-1.4107,-1.3611,-1.3177,-1.2793,-1.245,-1.2143,-1.1865,-1.1614,-1.1386,-1.1179,-1.0992,-1.0823,-1.0671,-1.0537,-1.042,-1.032,-1.024,-1.0181,-1.0146,-1.0138,-1.0164,-1.0232,-1.0353,-1.0545,-1.0835,-1.1267,-1.1927,-1.3001,-1.5045,-2.2463,-Inf,-Inf,-Inf,-Inf,-Inf,-Inf,-Inf,-Inf,-Inf,-Inf,-2.0969,-Inf,-Inf,-2.0969,-Inf,-Inf,-Inf,-Inf,-Inf,-Inf,-Inf,-Inf,-Inf,-Inf,-2.2463,-1.5045,-1.3001,-1.1927,-1.1267,-1.0835,-1.0545,-1.0353,-1.0232,-1.0164,-1.0138,-1.0146,-1.0181,-1.024,-1.032,-1.042,-1.0537,-1.0671,-1.0823,-1.0992,-1.1179,-1.1386,-1.1614,-1.1865,-1.2143,-1.245,-1.2793,-1.3177,-1.3611,-1.4107,-1.4683,-1.5364,-1.6194,-1.7246,-1.8673,-2.0872,-2.5719,-Inf,-Inf,-Inf,-Inf,-Inf,-Inf,-Inf,-Inf,-Inf,-Inf,-Inf,-Inf,-Inf,-Inf
-Inf,-Inf,-Inf,-Inf,-Inf,-Inf,-Inf,-Inf,-Inf,-Inf,-Inf,-Inf,-Inf,-Inf,-2.5751,-2.0883,-1.868,-1.7251,-1.6198,-1.5368,-1.4686,-1.4111,-1.3614,-1.318,-1.2796,-1.2454,-1.2146,-1.1869,-1.1617,-1.139,-1.1183,-1.0996,-1.0828,-1.0677,-1.0543,-1.0427,-1.0329,-1.0251,-1.0194,-1.0162,-1.0158,-1.0189,-1.0263,-1.0392,-1.0596,-1.0902,-1.1361,-1.2068,-1.3238,-1.5575,-3.3037,-Inf,-Inf,-Inf,-Inf,-Inf,-Inf,-Inf,-Inf,-Inf,-Inf,-Inf,-Inf,-Inf,-Inf,-Inf,-Inf,-Inf,-Inf,-Inf,-Inf,-Inf,-Inf,-Inf,-Inf,-3.3037,-1.5575,-1.3238,-1.2068,-1.1361,-1.0902,-1.0596,-1.0392,-1.0263,-1.0189,-1.0158,-1.0162,-1.0194,-1.0251,-1.0329,-1.0427,-1.0543,-1.0677,-1.0828,-1.0996,-1.1183,-1.139,-1.1617,-1.1869,-1.2146,-1.2454,-1.2796,-1.318,-1.3614,-1.4111,-1.4686,-1.5368,-1.6198,-1.7251,-1.868,-2.0883,-2.5751,-Inf,-Inf,-Inf,-Inf,-Inf,-Inf,-Inf,-Inf,-Inf,-Inf,-Inf,-Inf,-Inf,-Inf
-Inf,-Inf,-Inf,-Inf,-Inf,-Inf,-Inf,-Inf,-Inf,-Inf,-Inf,-Inf,-Inf,-Inf,-2.5788,-2.0896,-1.8689,-1.7258,-1.6203,-1.5373,-1.4691,-1.4115,-1.3618,-1.3184,-1.28,-1.2458,-1.215,-1.1873,-1.1622,-1.1394,-1.1188,-1.1002,-1.0834,-1.0684,-1.0551,-1.0436,-1.034,-1.0263,-1.0209,-1.018,-1.018,-1.0216,-1.0298,-1.0437,-1.0654,-1.0981,-1.1471,-1.2235,-1.3528,-1.6286,-Inf,-Inf,-Inf,-Inf,-Inf,-Inf,-Inf,-Inf,-Inf,-Inf,-Inf,-Inf,-Inf,-Inf,-Inf,-Inf,-Inf,-Inf,-Inf,-Inf,-Inf,-Inf,-Inf,-Inf,-Inf,-Inf,-1.6286,-1.3528,-1.2235,-1.1471,-1.0981,-1.0654,-1.0437,-1.0298,-1.0216,-1.018,-1.018,-1.0209,-1.0263,-1.034,-1.0436,-1.0551,-1.0684,-1.0834,-1.1002,-1.1188,-1.1394,-1.1622,-1.1873,-1.215,-1.2458,-1.28,-1.3184,-1.3618,-1.4115,-1.4691,-1.5373,-1.6203,-1.7258,-1.8689,-2.0896,-2.5788,-Inf,-Inf,-Inf,-Inf,-Inf,-Inf,-Inf,-Inf,-Inf,-Inf,-Inf,-Inf,-Inf,-Inf
-Inf,-Inf,-Inf,-Inf,-Inf,-Inf,-Inf,-Inf,-Inf,-Inf,-Inf,-Inf,-Inf,-Inf,-2.583,-2.091,-1.8698,-1.7265,-1.6209,-1.5378,-1.4696,-1.4119,-1.3623,-1.3188,-1.2804,-1.2462,-1.2155,-1.1877,-1.1627,-1.1399,-1.1194,-1.1008,-1.084,-1.0691,-1.0559,-1.0446,-1.0351,-1.0277,-1.0226,-1.02,-1.0205,-1.0248,-1.0338,-1.0488,-1.0721,-1.1071,-1.16,-1.2432,-1.3886,-1.7286,-Inf,-Inf,-Inf,-Inf,-Inf,-Inf,-Inf,-Inf,-Inf,-Inf,-Inf,-Inf,-Inf,-Inf,-Inf,-Inf,-Inf,-Inf,-Inf,-Inf,-Inf,-Inf,-Inf,-Inf,-Inf,-Inf,-1.7286,-1.3886,-1.2432,-1.16,-1.1071,-1.0721,-1.0488,-1.0338,-1.0248,-1.0205,-1.02,-1.0226,-1.0277,-1.0351,-1.0446,-1.0559,-1.0691,-1.084,-1.1008,-1.1194,-1.1399,-1.1627,-1.1877,-1.2155,-1.2462,-1.2804,-1.3188,-1.3623,-1.4119,-1.4696,-1.5378,-1.6209,-1.7265,-1.8698,-2.091,-2.583,-Inf,-Inf,-Inf,-Inf,-Inf,-Inf,-Inf,-Inf,-Inf,-Inf,-Inf,-Inf,-Inf,-Inf
-Inf,-Inf,-Inf,-Inf,-Inf,-Inf,-Inf,-Inf,-Inf,-Inf,-Inf,-Inf,-Inf,-Inf,-2.5876,-2.0926,-1.8708,-1.7273,-1.6216,-1.5384,-1.4701,-1.4124,-1.3627,-1.3193,-1.2809,-1.2467,-1.2159,-1.1882,-1.1632,-1.1405,-1.12,-1.1014,-1.0848,-1.0699,-1.0569,-1.0457,-1.0364,-1.0293,-1.0245,-1.0223,-1.0234,-1.0283,-1.0382,-1.0546,-1.0797,-1.1175,-1.1749,-1.2667,-1.4331,-1.8821,-Inf,-Inf,-Inf,-Inf,-Inf,-Inf,-Inf,-Inf,-Inf,-Inf,-Inf,-Inf,-Inf,-Inf,-Inf,-Inf,-Inf,-Inf,-Inf,-Inf,-Inf,-Inf,-Inf,-Inf,-Inf,-Inf,-1.8821,-1.4331,-1.2667,-1.1749,-1.1175,-1.0797,-1.0546,-1.0382,-1.0283,-1.0234,-1.0223,-1.0245,-1.0293,-1.0364,-1.0457,-1.0569,-1.0699,-1.0848,-1.1014,-1.12,-1.1405,-1.1632,-1.1882,-1.2159,-1.2467,-1.2809,-1.3193,-1.3627,-1.4124,-1.4701,-1.5384,-1.6216,-1.7273,-1.8708,-2.0926,-2.5876,-Inf,-Inf,-Inf,-Inf,-Inf,-Inf,-Inf,-Inf,-Inf,-Inf,-Inf,-Inf,-Inf,-Inf
-Inf,-Inf,-Inf,-Inf,-Inf,-Inf,-Inf,-Inf,-Inf,-Inf,-Inf,-Inf,-Inf,-Inf,-2.5928,-2.0944,-1.8719,-1.7281,-1.6223,-1.539,-1.4707,-1.413,-1.3633,-1.3198,-1.2814,-1.2472,-1.2165,-1.1888,-1.1638,-1.1411,-1.1207,-1.1022,-1.0856,-1.0709,-1.058,-1.0469,-1.0379,-1.031,-1.0265,-1.0249,-1.0265,-1.0323,-1.0433,-1.0611,-1.0883,-1.1292,-1.192,-1.2945,-1.4894,-2.171,-Inf,-Inf,-Inf,-Inf,-Inf,-Inf,-Inf,-Inf,-Inf,-Inf,-Inf,-1.9126,-Inf,-Inf,-1.9126,-Inf,-Inf,-Inf,-Inf,-Inf,-Inf,-Inf,-Inf,-Inf,-Inf,-Inf,-2.171,-1.4894,-1.2945,-1.192,-1.1292,-1.0883,-1.0611,-1.0433,-1.0323,-1.0265,-1.0249,-1.0265,-1.031,-1.0379,-1.0469,-1.058,-1.0709,-1.0856,-1.1022,-1.1207,-1.1411,-1.1638,-1.1888,-1.2165,-1.2472,-1.2814,-1.3198,-1.3633,-1.413,-1.4707,-1.539,-1.6223,-1.7281,-1.8719,-2.0944,-2.5928,-Inf,-Inf,-Inf,-Inf,-Inf,-Inf,-Inf,-Inf,-Inf,-Inf,-Inf,-Inf,-Inf,-Inf
-Inf,-Inf,-Inf,-Inf,-Inf,-Inf,-Inf,-Inf,-Inf,-Inf,-Inf,-Inf,-Inf,-Inf,-2.5985,-2.0963,-1.8731,-1.729,-1.6231,-1.5397,-1.4713,-1.4136,-1.3639,-1.3204,-1.282,-1.2478,-1.2171,-1.1894,-1.1644,-1.1418,-1.1214,-1.103,-1.0865,-1.0719,-1.0591,-1.0483,-1.0395,-1.0329,-1.0289,-1.0277,-1.0301,-1.0367,-1.0489,-1.0683,-1.0979,-1.1426,-1.2119,-1.3277,-1.563,-Inf,-Inf,-Inf,-Inf,-Inf,-Inf,-Inf,-Inf,-Inf,-Inf,-Inf,-Inf,-2.3065,-Inf,-Inf,-2.3065,-Inf,-Inf,-Inf,-Inf,-Inf,-Inf,-Inf,-Inf,-Inf,-Inf,-Inf,-Inf,-1.563,-1.3277,-1.2119,-1.1426,-1.0979,-1.0683,-1.0489,-1.0367,-1.0301,-1.0277,-1.0289,-1.0329,-1.0395,-1.0483,-1.0591,-1.0719,-1.0865,-1.103,-1.1214,-1.1418,-1.1644,-1.1894,-1.2171,-1.2478,-1.282,-1.3204,-1.3639,-1.4136,-1.4713,-1.5397,-1.6231,-1.729,-1.8731,-2.0963,-2.5985,-Inf,-Inf,-Inf,-Inf,-Inf,-Inf,-Inf,-Inf,-Inf,-Inf,-Inf,-Inf,-Inf,-Inf
-Inf,-Inf,-Inf,-Inf,-Inf,-Inf,-Inf,-Inf,-Inf,-Inf,-Inf,-Inf,-Inf,-Inf,-2.6048,-2.0983,-1.8745,-1.7301,-1.624,-1.5405,-1.472,-1.4142,-1.3645,-1.321,-1.2826,-1.2484,-1.2177,-1.1901,-1.1651,-1.1426,-1.1222,-1.1039,-1.0875,-1.073,-1.0604,-1.0498,-1.0413,-1.035,-1.0314,-1.0308,-1.0339,-1.0416,-1.0551,-1.0764,-1.1088,-1.1578,-1.2349,-1.3678,-1.664,-Inf,-Inf,-Inf,-Inf,-Inf,-Inf,-Inf,-Inf,-Inf,-Inf,-Inf,-Inf,-Inf,-Inf,-Inf,-Inf,-Inf,-Inf,-Inf,-Inf,-Inf,-Inf,-Inf,-Inf,-Inf,-Inf,-Inf,-Inf,-1.664,-1.3678,-1.2349,-1.1578,-1.1088,-1.0764,-1.0551,-1.0416,-1.0339,-1.0308,-1.0314,-1.035,-1.0413,-1.0498,-1.0604,-1.073,-1.0875,-1.1039,-1.1222,-1.1426,-1.1651,-1.1901,-1.2177,-1.2484,-1.2826,-1.321,-1.3645,-1.4142,-1.472,-1.5405,-1.624,-1.7301,-1.8745,-2.0983,-2.6048,-Inf,-Inf,-Inf,-Inf,-Inf,-Inf,-Inf,-Inf,-Inf,-Inf,-Inf,-Inf,-Inf,-Inf
-Inf,-Inf,-Inf,-Inf,-Inf,-Inf,-Inf,-Inf,-Inf,-Inf,-Inf,-Inf,-Inf,-Inf,-2.6116,-2.1006,-1.8759,-1.7312,-1.6249,-1.5413,-1.4728,-1.415,-1.3652,-1.3217,-1.2833,-1.2491,-1.2184,-1.1908,-1.1659,-1.1434,-1.1231,-1.1049,-1.0886,-1.0742,-1.0618,-1.0514,-1.0432,-1.0373,-1.0342,-1.0343,-1.0382,-1.0469,-1.0619,-1.0854,-1.1209,-1.1751,-1.2616,-1.417,-1.8152,-Inf,-Inf,-Inf,-Inf,-Inf,-Inf,-Inf,-Inf,-Inf,-Inf,-Inf,-Inf,-Inf,-Inf,-Inf,-Inf,-Inf,-Inf,-Inf,-Inf,-Inf,-Inf,-Inf,-Inf,-Inf,-Inf,-Inf,-Inf,-1.8152,-1.417,-1.2616,-1.1751,-1.1209,-1.0854,-1.0619,-1.0469,-1.0382,-1.0343,-1.0342,-1.0373,-1.0432,-1.0514,-1.0618,-1.0742,-1.0886,-1.1049,-1.1231,-1.1434,-1.1659,-1.1908,-1.2184,-1.2491,-1.2833,-1.3217,-1.3652,-1.415,-1.4728,-1.5413,-1.6249,-1.7312,-1.8759,-2.1006,-2.6116,-Inf,-Inf,-Inf,-Inf,-Inf,-Inf,-Inf,-Inf,-Inf,-Inf,-Inf,-Inf,-Inf,-Inf
-Inf,-Inf,-Inf,-Inf,-Inf,-Inf,-Inf,-Inf,-Inf,-Inf,-Inf,-Inf,-Inf,-Inf,-2.6191,-2.103,-1.8774,-1.7323,-1.6259,-1.5422,-1.4736,-1.4157,-1.3659,-1.3224,-1.284,-1.2498,-1.2192,-1.1916,-1.1667,-1.1443,-1.1241,-1.1059,-1.0897,-1.0755,-1.0633,-1.0532,-1.0453,-1.0399,-1.0373,-1.038,-1.0429,-1.0528,-1.0695,-1.0954,-1.1345,-1.1948,-1.293,-1.4788,-2.0899,-Inf,-Inf,-Inf,-Inf,-Inf,-Inf,-Inf,-Inf,-Inf,-Inf,-1.6729,-Inf,-Inf,-Inf,-Inf,-Inf,-Inf,-1.6729,-Inf,-Inf,-Inf,-Inf,-Inf,-Inf,-Inf,-Inf,-Inf,-Inf,-2.0899,-1.4788,-1.293,-1.1948,-1.1345,-1.0954,-1.0695,-1.0528,-1.0429,-1.038,-1.0373,-1.0399,-1.0453,-1.0532,-1.0633,-1.0755,-1.0897,-1.1059,-1.1241,-1.1443,-1.1667,-1.1916,-1.2192,-1.2498,-1.284,-1.3224,-1.3659,-1.4157,-1.4736,-1.5422,-1.6259,-1.7323,-1.8774,-2.103,-2.6191,-Inf,-Inf,-Inf,-Inf,-Inf,-Inf,-Inf,-Inf,-Inf,-Inf,-Inf,-Inf,-Inf,-Inf
-Inf,-Inf,-Inf,-Inf,-Inf,-Inf,-Inf,-Inf,-Inf,-Inf,-Inf,-Inf,-Inf,-Inf,-2.6271,-2.1056,-1.8791,-1.7336,-1.6269,-1.5431,-1.4744,-1.4165,-1.3667,-1.3232,-1.2848,-1.2506,-1.22,-1.1925,-1.1676,-1.1452,-1.1251,-1.107,-1.091,-1.077,-1.065,-1.0551,-1.0476,-1.0426,-1.0406,-1.0421,-1.048,-1.0593,-1.0778,-1.1064,-1.1498,-1.2172,-1.3301,-1.5594,-4.6817,-Inf,-Inf,-Inf,-Inf,-Inf,-Inf,-Inf,-Inf,-Inf,-Inf,-Inf,-2.0837,-Inf,-Inf,-Inf,-Inf,-2.0837,-Inf,-Inf,-Inf,-Inf,-Inf,-Inf,-Inf,-Inf,-Inf,-Inf,-Inf,-4.6817,-1.5594,-1.3301,-1.2172,-1.1498,-1.1064,-1.0778,-1.0593,-1.048,-1.0421,-1.0406,-1.0426,-1.0476,-1.0551,-1.065,-1.077,-1.091,-1.107,-1.1251,-1.1452,-1.1676,-1.1925,-1.22,-1.2506,-1.2848,-1.3232,-1.3667,-1.4165,-1.4744,-1.5431,-1.6269,-1.7336,-1.8791,-2.1056,-2.6271,-Inf,-Inf,-Inf,-Inf,-Inf,-Inf,-Inf,-Inf,-Inf,-Inf,-Inf,-Inf,-Inf,-Inf
-Inf,-Inf,-Inf,-Inf,-Inf,-Inf,-Inf,-Inf,-Inf,-Inf,-Inf,-Inf,-Inf,-Inf,-2.6359,-2.1084,-1.8808,-1.7349,-1.6281,-1.5441,-1.4754,-1.4174,-1.3676,-1.324,-1.2856,-1.2515,-1.2209,-1.1934,-1.1686,-1.1462,-1.1262,-1.1082,-1.0924,-1.0785,-1.0668,-1.0572,-1.05,-1.0456,-1.0442,-1.0466,-1.0535,-1.0664,-1.087,-1.1187,-1.1669,-1.243,-1.3748,-1.6707,-Inf,-Inf,-Inf,-Inf,-Inf,-Inf,-Inf,-Inf,-Inf,-Inf,-Inf,-Inf,-1.7417,-Inf,-Inf,-Inf,-Inf,-1.7417,-Inf,-Inf,-Inf,-Inf,-Inf,-Inf,-Inf,-Inf,-Inf,-Inf,-Inf,-Inf,-1.6707,-1.3748,-1.243,-1.1669,-1.1187,-1.087,-1.0664,-1.0535,-1.0466,-1.0442,-1.0456,-1.05,-1.0572,-1.0668,-1.0785,-1.0924,-1.1082,-1.1262,-1.1462,-1.1686,-1.1934,-1.2209,-1.2515,-1.2856,-1.324,-1.3676,-1.4174,-1.4754,-1.5441,-1.6281,-1.7349,-1.8808,-2.1084,-2.6359,-Inf,-Inf,-Inf,-Inf,-Inf,-Inf,-Inf,-Inf,-Inf,-Inf,-Inf,-Inf,-Inf,-Inf
-Inf,-Inf,-Inf,-Inf,-Inf,-Inf,-Inf,-Inf,-Inf,-Inf,-Inf,-Inf,-Inf,-Inf,-2.6454,-2.1114,-1.8827,-1.7364,-1.6293,-1.5452,-1.4763,-1.4183,-1.3684,-1.3249,-1.2865,-1.2524,-1.2218,-1.1943,-1.1696,-1.1473,-1.1274,-1.1096,-1.0938,-1.0802,-1.0687,-1.0595,-1.0527,-1.0488,-1.0481,-1.0514,-1.0596,-1.0741,-1.0971,-1.1323,-1.1862,-1.2728,-1.4296,-1.8409,-Inf,-Inf,-Inf,-Inf,-Inf,-Inf,-Inf,-Inf,-Inf,-Inf,-Inf,-Inf,-1.7913,-Inf,-Inf,-Inf,-Inf,-1.7913,-Inf,-Inf,-Inf,-Inf,-Inf,-Inf,-Inf,-Inf,-Inf,-Inf,-Inf,-Inf,-1.8409,-1.4296,-1.2728,-1.1862,-1.1323,-1.0971,-1.0741,-1.0596,-1.0514,-1.0481,-1.0488,-1.0527,-1.0595,-1.0687,-1.0802,-1.0938,-1.1096,-1.1274,-1.1473,-1.1696,-1.1943,-1.2218,-1.2524,-1.2865,-1.3249,-1.3684,-1.4183,-1.4763,-1.5452,-1.6293,-1.7364,-1.8827,-2.1114,-2.6454,-Inf,-Inf,-Inf,-Inf,-Inf,-Inf,-Inf,-Inf,-Inf,-Inf,-Inf,-Inf,-Inf,-Inf
-Inf,-Inf,-Inf,-Inf,-Inf,-Inf,-Inf,-Inf,-Inf,-Inf,-Inf,-Inf,-Inf,-Inf,-2.6556,-2.1146,-1.8847,-1.7379,-1.6305,-1.5463,-1.4774,-1.4193,-1.3694,-1.3259,-1.2875,-1.2533,-1.2228,-1.1953,-1.1707,-1.1485,-1.1286,-1.1109,-1.0954,-1.082,-1.0708,-1.0619,-1.0556,-1.0523,-1.0524,-1.0567,-1.0662,-1.0826,-1.1083,-1.1474,-1.2081,-1.3077,-1.4988,-2.1741,-Inf,-Inf,-Inf,-Inf,-Inf,-Inf,-Inf,-Inf,-Inf,-Inf,-1.5283,-Inf,-2.1614,-Inf,-Inf,-Inf,-Inf,-2.1614,-Inf,-1.5283,-Inf,-Inf,-Inf,-Inf,-Inf,-Inf,-Inf,-Inf,-Inf,-Inf,-2.1741,-1.4988,-1.3077,-1.2081,-1.1474,-1.1083,-1.0826,-1.0662,-1.0567,-1.0524,-1.0523,-1.0556,-1.0619,-1.0708,-1.082,-1.0954,-1.1109,-1.1286,-1.1485,-1.1707,-1.1953,-1.2228,-1.2533,-1.2875,-1.3259,-1.3694,-1.4193,-1.4774,-1.5463,-1.6305,-1.7379,-1.8847,-2.1146,-2.6556,-Inf,-Inf,-Inf,-Inf,-Inf,-Inf,-Inf,-Inf,-Inf,-Inf,-Inf,-Inf,-Inf,-Inf
-Inf,-Inf,-Inf,-Inf,-Inf,-Inf,-Inf,-Inf,-Inf,-Inf,-Inf,-Inf,-Inf,-Inf,-2.6667,-2.1179,-1.8868,-1.7395,-1.6319,-1.5475,-1.4785,-1.4203,-1.3704,-1.3268,-1.2884,-1.2543,-1.2238,-1.1964,-1.1718,-1.1497,-1.13,-1.1124,-1.0971,-1.0839,-1.073,-1.0645,-1.0587,-1.056,-1.057,-1.0624,-1.0734,-1.0918,-1.1205,-1.1643,-1.233,-1.3491,-1.5901,-Inf,-Inf,-Inf,-Inf,-Inf,-Inf,-Inf,-Inf,-Inf,-Inf,-Inf,-2.0424,-Inf,-Inf,-Inf,-Inf,-Inf,-Inf,-Inf,-Inf,-2.0424,-Inf,-Inf,-Inf,-Inf,-Inf,-Inf,-Inf,-Inf,-Inf,-Inf,-Inf,-1.5901,-1.3491,-1.233,-1.1643,-1.1205,-1.0918,-1.0734,-1.0624,-1.057,-1.056,-1.0587,-1.0645,-1.073,-1.0839,-1.0971,-1.1124,-1.13,-1.1497,-1.1718,-1.1964,-1.2238,-1.2543,-1.2884,-1.3268,-1.3704,-1.4203,-1.4785,-1.5475,-1.6319,-1.7395,-1.8868,-2.1179,-2.6667,-Inf,-Inf,-Inf,-Inf,-Inf,-Inf,-Inf,-Inf,-Inf,-Inf,-Inf,-Inf,-Inf,-Inf
-Inf,-Inf,-Inf,-Inf,-Inf,-Inf,-Inf,-Inf,-Inf,-Inf,-Inf,-Inf,-Inf,-Inf,-2.6787,-2.1215,-1.889,-1.7412,-1.6333,-1.5487,-1.4796,-1.4214,-1.3715,-1.3279,-1.2895,-1.2554,-1.2249,-1.1976,-1.173,-1.151,-1.1314,-1.114,-1.0989,-1.0859,-1.0754,-1.0673,-1.0621,-1.0601,-1.062,-1.0686,-1.0813,-1.102,-1.134,-1.1832,-1.2615,-1.3989,-1.7193,-Inf,-Inf,-Inf,-Inf,-Inf,-Inf,-Inf,-Inf,-Inf,-Inf,-Inf,-Inf,-2.0354,-Inf,-Inf,-Inf,-Inf,-Inf,-Inf,-2.0354,-Inf,-Inf,-Inf,-Inf,-Inf,-Inf,-Inf,-Inf,-Inf,-Inf,-Inf,-Inf,-1.7193,-1.3989,-1.2615,-1.1832,-1.134,-1.102,-1.0813,-1.0686,-1.062,-1.0601,-1.0621,-1.0673,-1.0754,-1.0859,-1.0989,-1.114,-1.1314,-1.151,-1.173,-1.1976,-1.2249,-1.2554,-1.2895,-1.3279,-1.3715,-1.4214,-1.4796,-1.5487,-1.6333,-1.7412,-1.889,-2.1215,-2.6787,-Inf,-Inf,-Inf,-Inf,-Inf,-Inf,-Inf,-Inf,-Inf,-Inf,-Inf,-Inf,-Inf,-Inf
-Inf,-Inf,-Inf,-Inf,-Inf,-Inf,-Inf,-Inf,-Inf,-Inf,-Inf,-Inf,-Inf,-Inf,-2.6916,-2.1252,-1.8914,-1.743,-1.6348,-1.5501,-1.4808,-1.4226,-1.3726,-1.329,-1.2906,-1.2565,-1.2261,-1.1988,-1.1743,-1.1524,-1.1329,-1.1157,-1.1008,-1.0881,-1.0779,-1.0703,-1.0657,-1.0645,-1.0673,-1.0753,-1.0898,-1.1131,-1.149,-1.2045,-1.2945,-1.4605,-1.9289,-Inf,-Inf,-Inf,-Inf,-Inf,-Inf,-Inf,-Inf,-Inf,-Inf,-Inf,-Inf,-1.5901,-Inf,-Inf,-Inf,-Inf,-Inf,-Inf,-1.5901,-Inf,-Inf,-Inf,-Inf,-Inf,-Inf,-Inf,-Inf,-Inf,-Inf,-Inf,-Inf,-1.9289,-1.4605,-1.2945,-1.2045,-1.149,-1.1131,-1.0898,-1.0753,-1.0673,-1.0645,-1.0657,-1.0703,-1.0779,-1.0881,-1.1008,-1.1157,-1.1329,-1.1524,-1.1743,-1.1988,-1.2261,-1.2565,-1.2906,-1.329,-1.3726,-1.4226,-1.4808,-1.5501,-1.6348,-1.743,-1.8914,-2.1252,-2.6916,-Inf,-Inf,-Inf,-Inf,-Inf,-Inf,-Inf,-Inf,-Inf,-Inf,-Inf,-Inf,-Inf,-Inf
-Inf,-Inf,-Inf,-Inf,-Inf,-Inf,-Inf,-Inf,-Inf,-Inf,-Inf,-Inf,-Inf,-Inf,-2.7055,-2.1292,-1.8939,-1.7449,-1.6364,-1.5515,-1.4821,-1.4238,-1.3737,-1.3302,-1.2918,-1.2577,-1.2273,-1.2001,-1.1757,-1.1539,-1.1346,-1.1175,-1.1028,-1.0905,-1.0807,-1.0736,-1.0696,-1.0692,-1.0732,-1.0826,-1.0991,-1.1253,-1.1656,-1.2285,-1.3331,-1.5392,-2.4353,-Inf,-Inf,-Inf,-Inf,-Inf,-Inf,-Inf,-Inf,-Inf,-Inf,-1.4918,-Inf,-1.5201,-Inf,-Inf,-Inf,-Inf,-Inf,-Inf,-1.5201,-Inf,-1.4918,-Inf,-Inf,-Inf,-Inf,-Inf,-Inf,-Inf,-Inf,-Inf,-Inf,-2.4353,-1.5392,-1.3331,-1.2285,-1.1656,-1.1253,-1.0991,-1.0826,-1.0732,-1.0692,-1.0696,-1.0736,-1.0807,-1.0905,-1.1028,-1.1175,-1.1346,-1.1539,-1.1757,-1.2001,-1.2273,-1.2577,-1.2918,-1.3302,-1.3737,-1.4238,-1.4821,-1.5515,-1.6364,-1.7449,-1.8939,-2.1292,-2.7055,-Inf,-Inf,-Inf,-Inf,-Inf,-Inf,-Inf,-Inf,-Inf,-Inf,-Inf,-Inf,-Inf,-Inf
-Inf,-Inf,-Inf,-Inf,-Inf,-Inf,-Inf,-Inf,-Inf,-Inf,-Inf,-Inf,-Inf,-Inf,-2.7206,-2.1334,-1.8965,-1.7469,-1.638,-1.5529,-1.4835,-1.4251,-1.375,-1.3314,-1.293,-1.2589,-1.2286,-1.2014,-1.1771,-1.1555,-1.1363,-1.1195,-1.105,-1.093,-1.0836,-1.077,-1.0737,-1.0743,-1.0794,-1.0905,-1.1092,-1.1387,-1.1841,-1.2558,-1.3791,-1.6456,-Inf,-Inf,-Inf,-Inf,-Inf,-Inf,-Inf,-Inf,-Inf,-Inf,-Inf,-1.412,-Inf,-1.5553,-Inf,-Inf,-Inf,-Inf,-Inf,-Inf,-1.5553,-Inf,-1.412,-Inf,-Inf,-Inf,-Inf,-Inf,-Inf,-Inf,-Inf,-Inf,-Inf,-Inf,-1.6456,-1.3791,-1.2558,-1.1841,-1.1387,-1.1092,-1.0905,-1.0794,-1.0743,-1.0737,-1.077,-1.0836,-1.093,-1.105,-1.1195,-1.1363,-1.1555,-1.1771,-1.2014,-1.2286,-1.2589,-1.293,-1.3314,-1.375,-1.4251,-1.4835,-1.5529,-1.638,-1.7469,-1.8965,-2.1334,-2.7206,-Inf,-Inf,-Inf,-Inf,-Inf,-Inf,-Inf,-Inf,-Inf,-Inf,-Inf,-Inf,-Inf,-Inf
-Inf,-Inf,-Inf,-Inf,-Inf,-Inf,-Inf,-Inf,-Inf,-Inf,-Inf,-Inf,-Inf,-Inf,-2.737,-2.1379,-1.8992,-1.7489,-1.6397,-1.5545,-1.4849,-1.4264,-1.3763,-1.3327,-1.2943,-1.2602,-1.2299,-1.2029,-1.1787,-1.1571,-1.1381,-1.1215,-1.1073,-1.0957,-1.0867,-1.0808,-1.0782,-1.0797,-1.0862,-1.099,-1.1203,-1.1534,-1.2047,-1.2872,-1.4351,-1.8031,-Inf,-Inf,-Inf,-Inf,-Inf,-Inf,-Inf,-Inf,-Inf,-Inf,-Inf,-Inf,-Inf,-1.6814,-Inf,-Inf,-Inf,-Inf,-Inf,-Inf,-1.6814,-Inf,-Inf,-Inf,-Inf,-Inf,-Inf,-Inf,-Inf,-Inf,-Inf,-Inf,-Inf,-Inf,-1.8031,-1.4351,-1.2872,-1.2047,-1.1534,-1.1203,-1.099,-1.0862,-1.0797,-1.0782,-1.0808,-1.0867,-1.0957,-1.1073,-1.1215,-1.1381,-1.1571,-1.1787,-1.2029,-1.2299,-1.2602,-1.2943,-1.3327,-1.3763,-1.4264,-1.4849,-1.5545,-1.6397,-1.7489,-1.8992,-2.1379,-2.737,-Inf,-Inf,-Inf,-Inf,-Inf,-Inf,-Inf,-Inf,-Inf,-Inf,-Inf,-Inf,-Inf,-Inf
-Inf,-Inf,-Inf,-Inf,-Inf,-Inf,-Inf,-Inf,-Inf,-Inf,-Inf,-Inf,-Inf,-Inf,-2.7547,-2.1426,-1.9021,-1.7511,-1.6416,-1.5561,-1.4864,-1.4278,-1.3776,-1.334,-1.2956,-1.2616,-1.2314,-1.2044,-1.1803,-1.1589,-1.14,-1.1237,-1.1098,-1.0985,-1.0901,-1.0848,-1.083,-1.0856,-1.0935,-1.1083,-1.1323,-1.1697,-1.2279,-1.3236,-1.505,-2.088,-Inf,-Inf,-Inf,-Inf,-Inf,-Inf,-Inf,-Inf,-Inf,-Inf,-Inf,-Inf,-1.9859,-1.9958,-Inf,-Inf,-Inf,-Inf,-Inf,-Inf,-1.9958,-1.9859,-Inf,-Inf,-Inf,-Inf,-Inf,-Inf,-Inf,-Inf,-Inf,-Inf,-Inf,-Inf,-2.088,-1.505,-1.3236,-1.2279,-1.1697,-1.1323,-1.1083,-1.0935,-1.0856,-1.083,-1.0848,-1.0901,-1.0985,-1.1098,-1.1237,-1.14,-1.1589,-1.1803,-1.2044,-1.2314,-1.2616,-1.2956,-1.334,-1.3776,-1.4278,-1.4864,-1.5561,-1.6416,-1.7511,-1.9021,-2.1426,-2.7547,-Inf,-Inf,-Inf,-Inf,-Inf,-Inf,-Inf,-Inf,-Inf,-Inf,-Inf,-Inf,-Inf,-Inf
-Inf,-Inf,-Inf,-Inf,-Inf,-Inf,-Inf,-Inf,-Inf,-Inf,-Inf,-Inf,-Inf,-Inf,-2.7739,-2.1475,-1.9051,-1.7534,-1.6435,-1.5578,-1.4879,-1.4293,-1.3791,-1.3354,-1.297,-1.2631,-1.2329,-1.206,-1.182,-1.1607,-1.1421,-1.126,-1.1124,-1.1016,-1.0937,-1.089,-1.0882,-1.092,-1.1015,-1.1184,-1.1456,-1.1877,-1.2542,-1.3665,-1.5964,-Inf,-Inf,-Inf,-Inf,-Inf,-Inf,-Inf,-Inf,-Inf,-Inf,-Inf,-1.473,-Inf,-1.5442,-Inf,-Inf,-Inf,-Inf,-Inf,-Inf,-Inf,-Inf,-1.5442,-Inf,-1.473,-Inf,-Inf,-Inf,-Inf,-Inf,-Inf,-Inf,-Inf,-Inf,-Inf,-Inf,-1.5964,-1.3665,-1.2542,-1.1877,-1.1456,-1.1184,-1.1015,-1.092,-1.0882,-1.089,-1.0937,-1.1016,-1.1124,-1.126,-1.1421,-1.1607,-1.182,-1.206,-1.2329,-1.2631,-1.297,-1.3354,-1.3791,-1.4293,-1.4879,-1.5578,-1.6435,-1.7534,-1.9051,-2.1475,-2.7739,-Inf,-Inf,-Inf,-Inf,-Inf,-Inf,-Inf,-Inf,-Inf,-Inf,-Inf,-Inf,-Inf,-Inf
-Inf,-Inf,-Inf,-Inf,-Inf,-Inf,-Inf,-Inf,-Inf,-Inf,-Inf,-Inf,-Inf,-Inf,-2.7949,-2.1527,-1.9083,-1.7558,-1.6455,-1.5595,-1.4895,-1.4308,-1.3806,-1.3369,-1.2985,-1.2646,-1.2345,-1.2076,-1.1838,-1.1627,-1.1443,-1.1284,-1.1152,-1.1049,-1.0975,-1.0936,-1.0938,-1.0988,-1.11,-1.1294,-1.1601,-1.2078,-1.2842,-1.418,-1.7243,-Inf,-Inf,-Inf,-Inf,-Inf,-Inf,-Inf,-Inf,-Inf,-Inf,-Inf,-1.3191,-Inf,-1.4478,-Inf,-Inf,-Inf,-Inf,-Inf,-Inf,-Inf,-Inf,-1.4478,-Inf,-1.3191,-Inf,-Inf,-Inf,-Inf,-Inf,-Inf,-Inf,-Inf,-Inf,-Inf,-Inf,-1.7243,-1.418,-1.2842,-1.2078,-1.1601,-1.1294,-1.11,-1.0988,-1.0938,-1.0936,-1.0975,-1.1049,-1.1152,-1.1284,-1.1443,-1.1627,-1.1838,-1.2076,-1.2345,-1.2646,-1.2985,-1.3369,-1.3806,-1.4308,-1.4895,-1.5595,-1.6455,-1.7558,-1.9083,-2.1527,-2.7949,-Inf,-Inf,-Inf,-Inf,-Inf,-Inf,-Inf,-Inf,-Inf,-Inf,-Inf,-Inf,-Inf,-Inf
-Inf,-Inf,-Inf,-Inf,-Inf,-Inf,-Inf,-Inf,-Inf,-Inf,-Inf,-Inf,-Inf,-Inf,-2.8178,-2.1581,-1.9116,-1.7583,-1.6475,-1.5614,-1.4912,-1.4324,-1.3821,-1.3384,-1.3001,-1.2662,-1.2361,-1.2094,-1.1857,-1.1648,-1.1466,-1.131,-1.1182,-1.1083,-1.1016,-1.0985,-1.0997,-1.1062,-1.1193,-1.1413,-1.1761,-1.2303,-1.3187,-1.4813,-1.928,-Inf,-Inf,-Inf,-Inf,-Inf,-Inf,-Inf,-Inf,-Inf,-Inf,-Inf,-1.7416,-Inf,-1.4402,-Inf,-Inf,-Inf,-Inf,-Inf,-Inf,-Inf,-Inf,-1.4402,-Inf,-1.7416,-Inf,-Inf,-Inf,-Inf,-Inf,-Inf,-Inf,-Inf,-Inf,-Inf,-Inf,-1.928,-1.4813,-1.3187,-1.2303,-1.1761,-1.1413,-1.1193,-1.1062,-1.0997,-1.0985,-1.1016,-1.1083,-1.1182,-1.131,-1.1466,-1.1648,-1.1857,-1.2094,-1.2361,-1.2662,-1.3001,-1.3384,-1.3821,-1.4324,-1.4912,-1.5614,-1.6475,-1.7583,-1.9116,-2.1581,-2.8178,-Inf,-Inf,-Inf,-Inf,-Inf,-Inf,-Inf,-Inf,-Inf,-Inf,-Inf,-Inf,-Inf,-Inf
-Inf,-Inf,-Inf,-Inf,-Inf,-Inf,-Inf,-Inf,-Inf,-Inf,-Inf,-Inf,-Inf,-Inf,-2.843,-2.1639,-1.9151,-1.7609,-1.6497,-1.5633,-1.493,-1.4341,-1.3837,-1.34,-1.3017,-1.2679,-1.2379,-1.2112,-1.1877,-1.167,-1.149,-1.1338,-1.1214,-1.112,-1.106,-1.1038,-1.1061,-1.1141,-1.1294,-1.1544,-1.1937,-1.2556,-1.359,-1.5619,-2.3936,-Inf,-Inf,-Inf,-Inf,-Inf,-Inf,-Inf,-Inf,-Inf,-Inf,-Inf,-Inf,-Inf,-1.4869,-Inf,-Inf,-Inf,-Inf,-Inf,-Inf,-Inf,-Inf,-1.4869,-Inf,-Inf,-Inf,-Inf,-Inf,-Inf,-Inf,-Inf,-Inf,-Inf,-Inf,-Inf,-Inf,-2.3936,-1.5619,-1.359,-1.2556,-1.1937,-1.1544,-1.1294,-1.1141,-1.1061,-1.1038,-1.106,-1.112,-1.1214,-1.1338,-1.149,-1.167,-1.1877,-1.2112,-1.2379,-1.2679,-1.3017,-1.34,-1.3837,-1.4341,-1.493,-1.5633,-1.6497,-1.7609,-1.9151,-2.1639,-2.843,-Inf,-Inf,-Inf,-Inf,-Inf,-Inf,-Inf,-Inf,-Inf,-Inf,-Inf,-Inf,-Inf,-Inf
-Inf,-Inf,-Inf,-Inf,-Inf,-Inf,-Inf,-Inf,-Inf,-Inf,-Inf,-Inf,-Inf,-Inf,-2.8707,-2.1699,-1.9187,-1.7636,-1.652,-1.5653,-1.4948,-1.4358,-1.3854,-1.3417,-1.3034,-1.2696,-1.2397,-1.2132,-1.1898,-1.1693,-1.1516,-1.1367,-1.1248,-1.116,-1.1107,-1.1094,-1.113,-1.1227,-1.1403,-1.1687,-1.2133,-1.2844,-1.4069,-1.6705,-Inf,-Inf,-Inf,-Inf,-Inf,-Inf,-Inf,-Inf,-Inf,-Inf,-Inf,-1.4646,-Inf,-1.987,-1.5907,-Inf,-Inf,-Inf,-Inf,-Inf,-Inf,-Inf,-Inf,-1.5907,-1.987,-Inf,-1.4646,-Inf,-Inf,-Inf,-Inf,-Inf,-Inf,-Inf,-Inf,-Inf,-Inf,-Inf,-1.6705,-1.4069,-1.2844,-1.2133,-1.1687,-1.1403,-1.1227,-1.113,-1.1094,-1.1107,-1.116,-1.1248,-1.1367,-1.1516,-1.1693,-1.1898,-1.2132,-1.2397,-1.2696,-1.3034,-1.3417,-1.3854,-1.4358,-1.4948,-1.5653,-1.652,-1.7636,-1.9187,-2.1699,-2.8707,-Inf,-Inf,-Inf,-Inf,-Inf,-Inf,-Inf,-Inf,-Inf,-Inf,-Inf,-Inf,-Inf,-Inf
-Inf,-Inf,-Inf,-Inf,-Inf,-Inf,-Inf,-Inf,-Inf,-Inf,-Inf,-Inf,-Inf,-Inf,-2.9015,-2.1763,-1.9225,-1.7665,-1.6543,-1.5674,-1.4967,-1.4377,-1.3872,-1.3435,-1.3052,-1.2715,-1.2416,-1.2152,-1.192,-1.1717,-1.1543,-1.1398,-1.1284,-1.1202,-1.1157,-1.1155,-1.1204,-1.132,-1.1521,-1.1845,-1.2352,-1.3173,-1.4649,-1.8308,-Inf,-Inf,-Inf,-Inf,-Inf,-Inf,-Inf,-Inf,-Inf,-Inf,-Inf,-1.302,-Inf,-1.5521,-1.7937,-Inf,-Inf,-Inf,-Inf,-Inf,-Inf,-Inf,-Inf,-1.7937,-1.5521,-Inf,-1.302,-Inf,-Inf,-Inf,-Inf,-Inf,-Inf,-Inf,-Inf,-Inf,-Inf,-Inf,-1.8308,-1.4649,-1.3173,-1.2352,-1.1845,-1.1521,-1.132,-1.1204,-1.1155,-1.1157,-1.1202,-1.1284,-1.1398,-1.1543,-1.1717,-1.192,-1.2152,-1.2416,-1.2715,-1.3052,-1.3435,-1.3872,-1.4377,-1.4967,-1.5674,-1.6543,-1.7665,-1.9225,-2.1763,-2.9015,-Inf,-Inf,-Inf,-Inf,-Inf,-Inf,-Inf,-Inf,-Inf,-Inf,-Inf,-Inf,-Inf,-Inf
-Inf,-Inf,-Inf,-Inf,-Inf,-Inf,-Inf,-Inf,-Inf,-Inf,-Inf,-Inf,-Inf,-Inf,-2.9357,-2.1829,-1.9265,-1.7694,-1.6568,-1.5695,-1.4988,-1.4396,-1.3891,-1.3453,-1.3071,-1.2734,-1.2436,-1.2174,-1.1943,-1.1743,-1.1572,-1.1431,-1.1322,-1.1247,-1.121,-1.1219,-1.1284,-1.142,-1.1651,-1.2018,-1.2597,-1.3555,-1.5375,-2.1211,-Inf,-Inf,-Inf,-Inf,-Inf,-Inf,-Inf,-Inf,-Inf,-Inf,-Inf,-1.4519,-Inf,-1.4434,-2.3915,-Inf,-Inf,-Inf,-Inf,-Inf,-Inf,-Inf,-Inf,-2.3915,-1.4434,-Inf,-1.4519,-Inf,-Inf,-Inf,-Inf,-Inf,-Inf,-Inf,-Inf,-Inf,-Inf,-Inf,-2.1211,-1.5375,-1.3555,-1.2597,-1.2018,-1.1651,-1.142,-1.1284,-1.1219,-1.121,-1.1247,-1.1322,-1.1431,-1.1572,-1.1743,-1.1943,-1.2174,-1.2436,-1.2734,-1.3071,-1.3453,-1.3891,-1.4396,-1.4988,-1.5695,-1.6568,-1.7694,-1.9265,-2.1829,-2.9357,-Inf,-Inf,-Inf,-Inf,-Inf,-Inf,-Inf,-Inf,-Inf,-Inf,-Inf,-Inf,-Inf,-Inf
-Inf,-Inf,-Inf,-Inf,-Inf,-Inf,-Inf,-Inf,-Inf,-Inf,-Inf,-Inf,-Inf,-Inf,-2.9743,-2.1899,-1.9306,-1.7725,-1.6594,-1.5718,-1.5008,-1.4416,-1.391,-1.3472,-1.309,-1.2754,-1.2458,-1.2197,-1.1968,-1.177,-1.1603,-1.1466,-1.1363,-1.1295,-1.1267,-1.1289,-1.137,-1.1529,-1.1792,-1.2209,-1.2874,-1.4003,-1.6323,-Inf,-Inf,-Inf,-Inf,-Inf,-Inf,-Inf,-Inf,-Inf,-Inf,-Inf,-3.5407,-Inf,-Inf,-1.4195,-Inf,-Inf,-Inf,-Inf,-Inf,-Inf,-Inf,-Inf,-Inf,-Inf,-1.4195,-Inf,-Inf,-3.5407,-Inf,-Inf,-Inf,-Inf,-Inf,-Inf,-Inf,-Inf,-Inf,-Inf,-Inf,-1.6323,-1.4003,-1.2874,-1.2209,-1.1792,-1.1529,-1.137,-1.1289,-1.1267,-1.1295,-1.1363,-1.1466,-1.1603,-1.177,-1.1968,-1.2197,-1.2458,-1.2754,-1.309,-1.3472,-1.391,-1.4416,-1.5008,-1.5718,-1.6594,-1.7725,-1.9306,-2.1899,-2.9743,-Inf,-Inf,-Inf,-Inf,-Inf,-Inf,-Inf,-Inf,-Inf,-Inf,-Inf,-Inf,-Inf,-Inf
-Inf,-Inf,-Inf,-Inf,-Inf,-Inf,-Inf,-Inf,-Inf,-Inf,-Inf,-Inf,-Inf,-Inf,-3.0181,-2.1973,-1.9349,-1.7757,-1.662,-1.5742,-1.503,-1.4436,-1.393,-1.3493,-1.3111,-1.2775,-1.248,-1.222,-1.1994,-1.1799,-1.1635,-1.1504,-1.1406,-1.1346,-1.1329,-1.1364,-1.1463,-1.1647,-1.1947,-1.2422,-1.3189,-1.4541,-1.7654,-Inf,-Inf,-Inf,-Inf,-Inf,-Inf,-Inf,-Inf,-Inf,-Inf,-Inf,-1.4649,-Inf,-Inf,-1.4431,-Inf,-Inf,-Inf,-Inf,-Inf,-Inf,-Inf,-Inf,-Inf,-Inf,-1.4431,-Inf,-Inf,-1.4649,-Inf,-Inf,-Inf,-Inf,-Inf,-Inf,-Inf,-Inf,-Inf,-Inf,-Inf,-1.7654,-1.4541,-1.3189,-1.2422,-1.1947,-1.1647,-1.1463,-1.1364,-1.1329,-1.1346,-1.1406,-1.1504,-1.1635,-1.1799,-1.1994,-1.222,-1.248,-1.2775,-1.3111,-1.3493,-1.393,-1.4436,-1.503,-1.5742,-1.662,-1.7757,-1.9349,-2.1973,-3.0181,-Inf,-Inf,-Inf,-Inf,-Inf,-Inf,-Inf,-Inf,-Inf,-Inf,-Inf,-Inf,-Inf,-Inf
-Inf,-Inf,-Inf,-Inf,-Inf,-Inf,-Inf,-Inf,-Inf,-Inf,-Inf,-Inf,-Inf,-Inf,-3.0686,-2.2051,-1.9394,-1.7791,-1.6648,-1.5766,-1.5053,-1.4458,-1.3951,-1.3514,-1.3132,-1.2797,-1.2503,-1.2246,-1.2021,-1.183,-1.167,-1.1543,-1.1452,-1.14,-1.1394,-1.1444,-1.1563,-1.1775,-1.2117,-1.266,-1.3552,-1.5204,-1.9797,-Inf,-Inf,-Inf,-Inf,-Inf,-Inf,-Inf,-Inf,-Inf,-Inf,-Inf,-1.3117,-Inf,-2.0474,-1.5081,-Inf,-Inf,-Inf,-Inf,-Inf,-Inf,-Inf,-Inf,-Inf,-Inf,-1.5081,-2.0474,-Inf,-1.3117,-Inf,-Inf,-Inf,-Inf,-Inf,-Inf,-Inf,-Inf,-Inf,-Inf,-Inf,-1.9797,-1.5204,-1.3552,-1.266,-1.2117,-1.1775,-1.1563,-1.1444,-1.1394,-1.14,-1.1452,-1.1543,-1.167,-1.183,-1.2021,-1.2246,-1.2503,-1.2797,-1.3132,-1.3514,-1.3951,-1.4458,-1.5053,-1.5766,-1.6648,-1.7791,-1.9394,-2.2051,-3.0686,-Inf,-Inf,-Inf,-Inf,-Inf,-Inf,-Inf,-Inf,-Inf,-Inf,-Inf,-Inf,-Inf,-Inf
-Inf,-Inf,-Inf,-Inf,-Inf,-Inf,-Inf,-Inf,-Inf,-Inf,-Inf,-Inf,-Inf,-Inf,-3.1277,-2.2132,-1.9442,-1.7826,-1.6677,-1.5792,-1.5076,-1.448,-1.3973,-1.3535,-1.3154,-1.282,-1.2528,-1.2272,-1.205,-1.1862,-1.1706,-1.1585,-1.1501,-1.1458,-1.1465,-1.153,-1.1672,-1.1915,-1.2305,-1.2928,-1.3976,-1.605,-2.4964,-Inf,-Inf,-Inf,-Inf,-Inf,-Inf,-Inf,-Inf,-Inf,-Inf,-Inf,-1.3809,-Inf,-1.5941,-1.6269,-Inf,-Inf,-Inf,-Inf,-Inf,-Inf,-Inf,-Inf,-Inf,-Inf,-1.6269,-1.5941,-Inf,-1.3809,-Inf,-Inf,-Inf,-Inf,-Inf,-Inf,-Inf,-Inf,-Inf,-Inf,-Inf,-2.4964,-1.605,-1.3976,-1.2928,-1.2305,-1.1915,-1.1672,-1.153,-1.1465,-1.1458,-1.1501,-1.1585,-1.1706,-1.1862,-1.205,-1.2272,-1.2528,-1.282,-1.3154,-1.3535,-1.3973,-1.448,-1.5076,-1.5792,-1.6677,-1.7826,-1.9442,-2.2132,-3.1277,-Inf,-Inf,-Inf,-Inf,-Inf,-Inf,-Inf,-Inf,-Inf,-Inf,-Inf,-Inf,-Inf,-Inf
-Inf,-Inf,-Inf,-Inf,-Inf,-Inf,-Inf,-Inf,-Inf,-Inf,-Inf,-Inf,-Inf,-Inf,-3.1985,-2.2218,-1.9491,-1.7862,-1.6707,-1.5818,-1.5101,-1.4503,-1.3996,-1.3558,-1.3177,-1.2845,-1.2553,-1.23,-1.2081,-1.1896,-1.1745,-1.163,-1.1553,-1.1521,-1.154,-1.1623,-1.1789,-1.2068,-1.2513,-1.3232,-1.448,-1.7195,-Inf,-Inf,-Inf,-Inf,-Inf,-Inf,-Inf,-Inf,-Inf,-Inf,-Inf,-2.1134,-2.0881,-Inf,-1.4744,-1.8506,-Inf,-Inf,-Inf,-Inf,-Inf,-Inf,-Inf,-Inf,-Inf,-Inf,-1.8506,-1.4744,-Inf,-2.0881,-2.1134,-Inf,-Inf,-Inf,-Inf,-Inf,-Inf,-Inf,-Inf,-Inf,-Inf,-Inf,-1.7195,-1.448,-1.3232,-1.2513,-1.2068,-1.1789,-1.1623,-1.154,-1.1521,-1.1553,-1.163,-1.1745,-1.1896,-1.2081,-1.23,-1.2553,-1.2845,-1.3177,-1.3558,-1.3996,-1.4503,-1.5101,-1.5818,-1.6707,-1.7862,-1.9491,-2.2218,-3.1985,-Inf,-Inf,-Inf,-Inf,-Inf,-Inf,-Inf,-Inf,-Inf,-Inf,-Inf,-Inf,-Inf,-Inf
-Inf,-Inf,-Inf,-Inf,-Inf,-Inf,-Inf,-Inf,-Inf,-Inf,-Inf,-Inf,-Inf,-Inf,-3.286,-2.2308,-1.9542,-1.79,-1.6739,-1.5846,-1.5126,-1.4528,-1.402,-1.3582,-1.3202,-1.287,-1.258,-1.2329,-1.2113,-1.1932,-1.1786,-1.1677,-1.1609,-1.1587,-1.1621,-1.1724,-1.1917,-1.2236,-1.2745,-1.3579,-1.5092,-1.8909,-Inf,-Inf,-Inf,-Inf,-Inf,-Inf,-Inf,-Inf,-Inf,-Inf,-Inf,-1.4716,-Inf,-Inf,-1.4405,-2.5786,-Inf,-Inf,-Inf,-Inf,-Inf,-Inf,-Inf,-Inf,-Inf,-Inf,-2.5786,-1.4405,-Inf,-Inf,-1.4716,-Inf,-Inf,-Inf,-Inf,-Inf,-Inf,-Inf,-Inf,-Inf,-Inf,-Inf,-1.8909,-1.5092,-1.3579,-1.2745,-1.2236,-1.1917,-1.1724,-1.1621,-1.1587,-1.1609,-1.1677,-1.1786,-1.1932,-1.2113,-1.2329,-1.258,-1.287,-1.3202,-1.3582,-1.402,-1.4528,-1.5126,-1.5846,-1.6739,-1.79,-1.9542,-2.2308,-3.286,-Inf,-Inf,-Inf,-Inf,-Inf,-Inf,-Inf,-Inf,-Inf,-Inf,-Inf,-Inf,-Inf,-Inf
-Inf,-Inf,-Inf,-Inf,-Inf,-Inf,-Inf,-Inf,-Inf,-Inf,-Inf,-Inf,-Inf,-Inf,-3.3997,-2.2404,-1.9596,-1.794,-1.6771,-1.5875,-1.5153,-1.4553,-1.4044,-1.3607,-1.3227,-1.2896,-1.2609,-1.2359,-1.2147,-1.197,-1.1829,-1.1728,-1.1668,-1.1659,-1.1708,-1.1832,-1.2056,-1.2421,-1.3006,-1.3983,-1.586,-2.2141,-Inf,-Inf,-Inf,-Inf,-Inf,-Inf,-Inf,-Inf,-Inf,-Inf,-Inf,-1.3333,-Inf,-Inf,-1.453,-Inf,-Inf,-Inf,-Inf,-Inf,-Inf,-Inf,-Inf,-Inf,-Inf,-Inf,-Inf,-1.453,-Inf,-Inf,-1.3333,-Inf,-Inf,-Inf,-Inf,-Inf,-Inf,-Inf,-Inf,-Inf,-Inf,-Inf,-2.2141,-1.586,-1.3983,-1.3006,-1.2421,-1.2056,-1.1832,-1.1708,-1.1659,-1.1668,-1.1728,-1.1829,-1.197,-1.2147,-1.2359,-1.2609,-1.2896,-1.3227,-1.3607,-1.4044,-1.4553,-1.5153,-1.5875,-1.6771,-1.794,-1.9596,-2.2404,-3.3997,-Inf,-Inf,-Inf,-Inf,-Inf,-Inf,-Inf,-Inf,-Inf,-Inf,-Inf,-Inf,-Inf,-Inf
-Inf,-Inf,-Inf,-Inf,-Inf,-Inf,-Inf,-Inf,-Inf,-Inf,-Inf,-Inf,-Inf,-Inf,-3.5597,-2.2504,-1.9652,-1.7981,-1.6805,-1.5905,-1.518,-1.4579,-1.407,-1.3633,-1.3254,-1.2924,-1.2638,-1.2392,-1.2183,-1.201,-1.1875,-1.1781,-1.1732,-1.1735,-1.1802,-1.195,-1.2208,-1.2625,-1.3299,-1.4458,-1.6871,-Inf,-Inf,-Inf,-Inf,-Inf,-Inf,-Inf,-Inf,-Inf,-Inf,-Inf,-Inf,-1.3667,-Inf,-2.1611,-1.5033,-Inf,-Inf,-Inf,-Inf,-Inf,-Inf,-Inf,-Inf,-Inf,-Inf,-Inf,-Inf,-1.5033,-2.1611,-Inf,-1.3667,-Inf,-Inf,-Inf,-Inf,-Inf,-Inf,-Inf,-Inf,-Inf,-Inf,-Inf,-Inf,-1.6871,-1.4458,-1.3299,-1.2625,-1.2208,-1.195,-1.1802,-1.1735,-1.1732,-1.1781,-1.1875,-1.201,-1.2183,-1.2392,-1.2638,-1.2924,-1.3254,-1.3633,-1.407,-1.4579,-1.518,-1.5905,-1.6805,-1.7981,-1.9652,-2.2504,-3.5597,-Inf,-Inf,-Inf,-Inf,-Inf,-Inf,-Inf,-Inf,-Inf,-Inf,-Inf,-Inf,-Inf,-Inf
-Inf,-Inf,-Inf,-Inf,-Inf,-Inf,-Inf,-Inf,-Inf,-Inf,-Inf,-Inf,-Inf,-Inf,-3.8263,-2.261,-1.9711,-1.8024,-1.684,-1.5936,-1.5209,-1.4607,-1.4097,-1.366,-1.3282,-1.2954,-1.2669,-1.2426,-1.222,-1.2053,-1.1924,-1.1838,-1.18,-1.1817,-1.1903,-1.2077,-1.2374,-1.2852,-1.3635,-1.503,-1.8311,-Inf,-Inf,-Inf,-Inf,-Inf,-Inf,-Inf,-Inf,-Inf,-Inf,-Inf,-1.9011,-1.6958,-Inf,-1.6586,-1.5973,-Inf,-Inf,-Inf,-Inf,-Inf,-Inf,-Inf,-Inf,-Inf,-Inf,-Inf,-Inf,-1.5973,-1.6586,-Inf,-1.6958,-1.9011,-Inf,-Inf,-Inf,-Inf,-Inf,-Inf,-Inf,-Inf,-Inf,-Inf,-Inf,-1.8311,-1.503,-1.3635,-1.2852,-1.2374,-1.2077,-1.1903,-1.1817,-1.18,-1.1838,-1.1924,-1.2053,-1.222,-1.2426,-1.2669,-1.2954,-1.3282,-1.366,-1.4097,-1.4607,-1.5209,-1.5936,-1.684,-1.8024,-1.9711,-2.261,-3.8263,-Inf,-Inf,-Inf,-Inf,-Inf,-Inf,-Inf,-Inf,-Inf,-Inf,-Inf,-Inf,-Inf,-Inf
-Inf,-Inf,-Inf,-Inf,-Inf,-Inf,-Inf,-Inf,-Inf,-Inf,-Inf,-Inf,-Inf,-Inf,-4.7215,-2.2721,-1.9772,-1.8068,-1.6877,-1.5968,-1.5239,-1.4635,-1.4125,-1.3688,-1.3311,-1.2984,-1.2702,-1.2462,-1.226,-1.2098,-1.1976,-1.1899,-1.1872,-1.1905,-1.2011,-1.2215,-1.2556,-1.3106,-1.4021,-1.5738,-2.0711,-Inf,-Inf,-Inf,-Inf,-Inf,-Inf,-Inf,-Inf,-Inf,-Inf,-Inf,-1.4828,-Inf,-Inf,-1.5263,-1.7634,-Inf,-Inf,-Inf,-Inf,-Inf,-Inf,-Inf,-Inf,-Inf,-Inf,-Inf,-Inf,-1.7634,-1.5263,-Inf,-Inf,-1.4828,-Inf,-Inf,-Inf,-Inf,-Inf,-Inf,-Inf,-Inf,-Inf,-Inf,-Inf,-2.0711,-1.5738,-1.4021,-1.3106,-1.2556,-1.2215,-1.2011,-1.1905,-1.1872,-1.1899,-1.1976,-1.2098,-1.226,-1.2462,-1.2702,-1.2984,-1.3311,-1.3688,-1.4125,-1.4635,-1.5239,-1.5968,-1.6877,-1.8068,-1.9772,-2.2721,-4.7215,-Inf,-Inf,-Inf,-Inf,-Inf,-Inf,-Inf,-Inf,-Inf,-Inf,-Inf,-Inf,-Inf,-Inf
-Inf,-Inf,-Inf,-Inf,-Inf,-Inf,-Inf,-Inf,-Inf,-Inf,-Inf,-Inf,-Inf,-Inf,-Inf,-2.284,-1.9836,-1.8115,-1.6915,-1.6002,-1.527,-1.4665,-1.4154,-1.3718,-1.3341,-1.3016,-1.2737,-1.2499,-1.2302,-1.2146,-1.2032,-1.1964,-1.195,-1.1999,-1.2129,-1.2366,-1.2758,-1.3392,-1.4474,-1.6649,-2.7687,-Inf,-Inf,-Inf,-Inf,-Inf,-Inf,-Inf,-Inf,-Inf,-Inf,-Inf,-1.3605,-Inf,-Inf,-1.4844,-2.1269,-Inf,-Inf,-Inf,-Inf,-Inf,-Inf,-Inf,-Inf,-Inf,-Inf,-Inf,-Inf,-2.1269,-1.4844,-Inf,-Inf,-1.3605,-Inf,-Inf,-Inf,-Inf,-Inf,-Inf,-Inf,-Inf,-Inf,-Inf,-Inf,-2.7687,-1.6649,-1.4474,-1.3392,-1.2758,-1.2366,-1.2129,-1.1999,-1.195,-1.1964,-1.2032,-1.2146,-1.2302,-1.2499,-1.2737,-1.3016,-1.3341,-1.3718,-1.4154,-1.4665,-1.527,-1.6002,-1.6915,-1.8115,-1.9836,-2.284,-Inf,-Inf,-Inf,-Inf,-Inf,-Inf,-Inf,-Inf,-Inf,-Inf,-Inf,-Inf,-Inf,-Inf,-Inf
-Inf,-Inf,-Inf,-Inf,-Inf,-Inf,-Inf,-Inf,-Inf,-Inf,-Inf,-Inf,-Inf,-Inf,-Inf,-2.2965,-1.9903,-1.8163,-1.6955,-1.6037,-1.5302,-1.4696,-1.4185,-1.3748,-1.3373,-1.305,-1.2773,-1.2539,-1.2347,-1.2197,-1.2091,-1.2033,-1.2033,-1.2101,-1.2257,-1.2531,-1.2981,-1.3717,-1.5014,-1.7901,-Inf,-Inf,-Inf,-Inf,-Inf,-Inf,-Inf,-Inf,-Inf,-Inf,-Inf,-Inf,-1.3764,-Inf,-Inf,-1.4903,-Inf,-Inf,-Inf,-Inf,-Inf,-Inf,-Inf,-Inf,-Inf,-Inf,-Inf,-Inf,-Inf,-Inf,-1.4903,-Inf,-Inf,-1.3764,-Inf,-Inf,-Inf,-Inf,-Inf,-Inf,-Inf,-Inf,-Inf,-Inf,-Inf,-Inf,-1.7901,-1.5014,-1.3717,-1.2981,-1.2531,-1.2257,-1.2101,-1.2033,-1.2033,-1.2091,-1.2197,-1.2347,-1.2539,-1.2773,-1.305,-1.3373,-1.3748,-1.4185,-1.4696,-1.5302,-1.6037,-1.6955,-1.8163,-1.9903,-2.2965,-Inf,-Inf,-Inf,-Inf,-Inf,-Inf,-Inf,-Inf,-Inf,-Inf,-Inf,-Inf,-Inf,-Inf,-Inf
-Inf,-Inf,-Inf,-Inf,-Inf,-Inf,-Inf,-Inf,-Inf,-Inf,-Inf,-Inf,-Inf,-Inf,-Inf,-2.3097,-1.9972,-1.8214,-1.6996,-1.6073,-1.5336,-1.4728,-1.4217,-1.3781,-1.3406,-1.3085,-1.2811,-1.2581,-1.2394,-1.225,-1.2153,-1.2107,-1.2122,-1.2211,-1.2395,-1.2712,-1.323,-1.409,-1.5674,-1.9835,-Inf,-Inf,-Inf,-Inf,-Inf,-Inf,-Inf,-Inf,-Inf,-Inf,-Inf,-1.8027,-1.5935,-Inf,-2.3255,-1.5339,-Inf,-Inf,-Inf,-Inf,-Inf,-Inf,-Inf,-Inf,-Inf,-Inf,-Inf,-Inf,-Inf,-Inf,-1.5339,-2.3255,-Inf,-1.5935,-1.8027,-Inf,-Inf,-Inf,-Inf,-Inf,-Inf,-Inf,-Inf,-Inf,-Inf,-Inf,-1.9835,-1.5674,-1.409,-1.323,-1.2712,-1.2395,-1.2211,-1.2122,-1.2107,-1.2153,-1.225,-1.2394,-1.2581,-1.2811,-1.3085,-1.3406,-1.3781,-1.4217,-1.4728,-1.5336,-1.6073,-1.6996,-1.8214,-1.9972,-2.3097,-Inf,-Inf,-Inf,-Inf,-Inf,-Inf,-Inf,-Inf,-Inf,-Inf,-Inf,-Inf,-Inf,-Inf,-Inf
-Inf,-Inf,-Inf,-Inf,-Inf,-Inf,-Inf,-Inf,-Inf,-Inf,-Inf,-Inf,-Inf,-Inf,-Inf,-2.3238,-2.0046,-1.8266,-1.7039,-1.6111,-1.5371,-1.4762,-1.425,-1.3814,-1.3441,-1.3122,-1.2851,-1.2626,-1.2444,-1.2308,-1.222,-1.2187,-1.2218,-1.2329,-1.2546,-1.2912,-1.351,-1.4525,-1.651,-2.3869,-Inf,-Inf,-Inf,-Inf,-Inf,-Inf,-Inf,-Inf,-Inf,-Inf,-Inf,-1.4973,-Inf,-Inf,-1.738,-1.619,-Inf,-Inf,-Inf,-Inf,-Inf,-Inf,-Inf,-Inf,-Inf,-Inf,-Inf,-Inf,-Inf,-Inf,-1.619,-1.738,-Inf,-Inf,-1.4973,-Inf,-Inf,-Inf,-Inf,-Inf,-Inf,-Inf,-Inf,-Inf,-Inf,-Inf,-2.3869,-1.651,-1.4525,-1.351,-1.2912,-1.2546,-1.2329,-1.2218,-1.2187,-1.222,-1.2308,-1.2444,-1.2626,-1.2851,-1.3122,-1.3441,-1.3814,-1.425,-1.4762,-1.5371,-1.6111,-1.7039,-1.8266,-2.0046,-2.3238,-Inf,-Inf,-Inf,-Inf,-Inf,-Inf,-Inf,-Inf,-Inf,-Inf,-Inf,-Inf,-Inf,-Inf,-Inf
-Inf,-Inf,-Inf,-Inf,-Inf,-Inf,-Inf,-Inf,-Inf,-Inf,-Inf,-Inf,-Inf,-Inf,-Inf,-2.3387,-2.0122,-1.8321,-1.7084,-1.615,-1.5407,-1.4797,-1.4285,-1.385,-1.3478,-1.3161,-1.2894,-1.2673,-1.2497,-1.2369,-1.2291,-1.2271,-1.2321,-1.2457,-1.2711,-1.3133,-1.3827,-1.5039,-1.7627,-Inf,-Inf,-Inf,-Inf,-Inf,-Inf,-Inf,-Inf,-Inf,-Inf,-Inf,-Inf,-1.3909,-Inf,-Inf,-1.5915,-1.7688,-Inf,-Inf,-Inf,-Inf,-Inf,-Inf,-Inf,-Inf,-Inf,-Inf,-Inf,-Inf,-Inf,-Inf,-1.7688,-1.5915,-Inf,-Inf,-1.3909,-Inf,-Inf,-Inf,-Inf,-Inf,-Inf,-Inf,-Inf,-Inf,-Inf,-Inf,-Inf,-1.7627,-1.5039,-1.3827,-1.3133,-1.2711,-1.2457,-1.2321,-1.2271,-1.2291,-1.2369,-1.2497,-1.2673,-1.2894,-1.3161,-1.3478,-1.385,-1.4285,-1.4797,-1.5407,-1.615,-1.7084,-1.8321,-2.0122,-2.3387,-Inf,-Inf,-Inf,-Inf,-Inf,-Inf,-Inf,-Inf,-Inf,-Inf,-Inf,-Inf,-Inf,-Inf,-Inf
-Inf,-Inf,-Inf,-Inf,-Inf,-Inf,-Inf,-Inf,-Inf,-Inf,-Inf,-Inf,-Inf,-Inf,-Inf,-2.3546,-2.0202,-1.8378,-1.7131,-1.6191,-1.5445,-1.4833,-1.4321,-1.3886,-1.3517,-1.3202,-1.2939,-1.2722,-1.2553,-1.2433,-1.2367,-1.2362,-1.2432,-1.2596,-1.2891,-1.3379,-1.419,-1.5662,-1.9267,-Inf,-Inf,-Inf,-Inf,-Inf,-Inf,-Inf,-Inf,-Inf,-Inf,-Inf,-2.8289,-1.3988,-Inf,-Inf,-1.5427,-2.0763,-Inf,-Inf,-Inf,-Inf,-Inf,-Inf,-Inf,-Inf,-Inf,-Inf,-Inf,-Inf,-Inf,-Inf,-2.0763,-1.5427,-Inf,-Inf,-1.3988,-2.8289,-Inf,-Inf,-Inf,-Inf,-Inf,-Inf,-Inf,-Inf,-Inf,-Inf,-Inf,-1.9267,-1.5662,-1.419,-1.3379,-1.2891,-1.2596,-1.2432,-1.2362,-1.2367,-1.2433,-1.2553,-1.2722,-1.2939,-1.3202,-1.3517,-1.3886,-1.4321,-1.4833,-1.5445,-1.6191,-1.7131,-1.8378,-2.0202,-2.3546,-Inf,-Inf,-Inf,-Inf,-Inf,-Inf,-Inf,-Inf,-Inf,-Inf,-Inf,-Inf,-Inf,-Inf,-Inf
-Inf,-Inf,-Inf,-Inf,-Inf,-Inf,-Inf,-Inf,-Inf,-Inf,-Inf,-Inf,-Inf,-Inf,-Inf,-2.3716,-2.0286,-1.8437,-1.7179,-1.6234,-1.5485,-1.4871,-1.4359,-1.3925,-1.3557,-1.3246,-1.2986,-1.2775,-1.2613,-1.2502,-1.2448,-1.246,-1.2551,-1.2748,-1.3089,-1.3654,-1.461,-1.644,-2.2217,-Inf,-Inf,-Inf,-Inf,-Inf,-Inf,-Inf,-Inf,-Inf,-Inf,-Inf,-1.7506,-1.5629,-Inf,-Inf,-1.5445,-Inf,-Inf,-Inf,-Inf,-Inf,-Inf,-Inf,-Inf,-Inf,-Inf,-Inf,-Inf,-Inf,-Inf,-Inf,-Inf,-1.5445,-Inf,-Inf,-1.5629,-1.7506,-Inf,-Inf,-Inf,-Inf,-Inf,-Inf,-Inf,-Inf,-Inf,-Inf,-Inf,-2.2217,-1.644,-1.461,-1.3654,-1.3089,-1.2748,-1.2551,-1.246,-1.2448,-1.2502,-1.2613,-1.2775,-1.2986,-1.3246,-1.3557,-1.3925,-1.4359,-1.4871,-1.5485,-1.6234,-1.7179,-1.8437,-2.0286,-2.3716,-Inf,-Inf,-Inf,-Inf,-Inf,-Inf,-Inf,-Inf,-Inf,-Inf,-Inf,-Inf,-Inf,-Inf,-Inf
-Inf,-Inf,-Inf,-Inf,-Inf,-Inf,-Inf,-Inf,-Inf,-Inf,-Inf,-Inf,-Inf,-Inf,-Inf,-2.3898,-2.0374,-1.8499,-1.723,-1.6279,-1.5526,-1.4911,-1.4398,-1.3966,-1.3599,-1.3291,-1.3036,-1.283,-1.2676,-1.2576,-1.2535,-1.2564,-1.2681,-1.2913,-1.3309,-1.3965,-1.5104,-1.746,-Inf,-Inf,-Inf,-Inf,-Inf,-Inf,-Inf,-Inf,-Inf,-Inf,-Inf,-Inf,-1.5154,-Inf,-Inf,-2.5581,-1.5856,-Inf,-Inf,-Inf,-Inf,-Inf,-Inf,-Inf,-Inf,-Inf,-Inf,-Inf,-Inf,-Inf,-Inf,-Inf,-Inf,-1.5856,-2.5581,-Inf,-Inf,-1.5154,-Inf,-Inf,-Inf,-Inf,-Inf,-Inf,-Inf,-Inf,-Inf,-Inf,-Inf,-Inf,-1.746,-1.5104,-1.3965,-1.3309,-1.2913,-1.2681,-1.2564,-1.2535,-1.2576,-1.2676,-1.283,-1.3036,-1.3291,-1.3599,-1.3966,-1.4398,-1.4911,-1.5526,-1.6279,-1.723,-1.8499,-2.0374,-2.3898,-Inf,-Inf,-Inf,-Inf,-Inf,-Inf,-Inf,-Inf,-Inf,-Inf,-Inf,-Inf,-Inf,-Inf,-Inf
-Inf,-Inf,-Inf,-Inf,-Inf,-Inf,-Inf,-Inf,-Inf,-Inf,-Inf,-Inf,-Inf,-Inf,-Inf,-2.4093,-2.0467,-1.8564,-1.7282,-1.6325,-1.5569,-1.4953,-1.444,-1.4008,-1.3644,-1.3339,-1.3088,-1.2889,-1.2743,-1.2654,-1.2628,-1.2677,-1.2821,-1.3093,-1.3553,-1.432,-1.5698,-1.8903,-Inf,-Inf,-Inf,-Inf,-Inf,-Inf,-Inf,-Inf,-Inf,-Inf,-Inf,-Inf,-1.4239,-Inf,-Inf,-1.829,-1.6697,-Inf,-Inf,-Inf,-Inf,-Inf,-Inf,-Inf,-Inf,-Inf,-Inf,-Inf,-Inf,-Inf,-Inf,-Inf,-Inf,-1.6697,-1.829,-Inf,-Inf,-1.4239,-Inf,-Inf,-Inf,-Inf,-Inf,-Inf,-Inf,-Inf,-Inf,-Inf,-Inf,-Inf,-1.8903,-1.5698,-1.432,-1.3553,-1.3093,-1.2821,-1.2677,-1.2628,-1.2654,-1.2743,-1.2889,-1.3088,-1.3339,-1.3644,-1.4008,-1.444,-1.4953,-1.5569,-1.6325,-1.7282,-1.8564,-2.0467,-2.4093,-Inf,-Inf,-Inf,-Inf,-Inf,-Inf,-Inf,-Inf,-Inf,-Inf,-Inf,-Inf,-Inf,-Inf,-Inf
-Inf,-Inf,-Inf,-Inf,-Inf,-Inf,-Inf,-Inf,-Inf,-Inf,-Inf,-Inf,-Inf,-Inf,-Inf,-2.4304,-2.0564,-1.8632,-1.7337,-1.6373,-1.5614,-1.4996,-1.4483,-1.4052,-1.3691,-1.339,-1.3144,-1.2952,-1.2815,-1.2738,-1.2728,-1.2799,-1.2974,-1.3292,-1.3826,-1.473,-1.6433,-2.1283,-Inf,-Inf,-Inf,-Inf,-Inf,-Inf,-Inf,-Inf,-Inf,-Inf,-Inf,-2.2288,-1.4292,-Inf,-Inf,-1.6668,-1.8206,-Inf,-Inf,-Inf,-Inf,-Inf,-Inf,-Inf,-Inf,-Inf,-Inf,-Inf,-Inf,-Inf,-Inf,-Inf,-Inf,-1.8206,-1.6668,-Inf,-Inf,-1.4292,-2.2288,-Inf,-Inf,-Inf,-Inf,-Inf,-Inf,-Inf,-Inf,-Inf,-Inf,-Inf,-2.1283,-1.6433,-1.473,-1.3826,-1.3292,-1.2974,-1.2799,-1.2728,-1.2738,-1.2815,-1.2952,-1.3144,-1.339,-1.3691,-1.4052,-1.4483,-1.4996,-1.5614,-1.6373,-1.7337,-1.8632,-2.0564,-2.4304,-Inf,-Inf,-Inf,-Inf,-Inf,-Inf,-Inf,-Inf,-Inf,-Inf,-Inf,-Inf,-Inf,-Inf,-Inf
-Inf,-Inf,-Inf,-Inf,-Inf,-Inf,-Inf,-Inf,-Inf,-Inf,-Inf,-Inf,-Inf,-Inf,-Inf,-2.453,-2.0666,-1.8703,-1.7395,-1.6424,-1.5661,-1.5041,-1.4528,-1.4099,-1.374,-1.3443,-1.3203,-1.3018,-1.2891,-1.2827,-1.2835,-1.293,-1.3141,-1.3511,-1.4133,-1.5209,-1.7381,-2.7927,-Inf,-Inf,-Inf,-Inf,-Inf,-Inf,-Inf,-Inf,-Inf,-Inf,-Inf,-1.725,-1.5651,-Inf,-Inf,-1.6121,-2.1361,-Inf,-Inf,-Inf,-Inf,-Inf,-Inf,-Inf,-Inf,-Inf,-Inf,-Inf,-Inf,-Inf,-Inf,-Inf,-Inf,-2.1361,-1.6121,-Inf,-Inf,-1.5651,-1.725,-Inf,-Inf,-Inf,-Inf,-Inf,-Inf,-Inf,-Inf,-Inf,-Inf,-Inf,-2.7927,-1.7381,-1.5209,-1.4133,-1.3511,-1.3141,-1.293,-1.2835,-1.2827,-1.2891,-1.3018,-1.3203,-1.3443,-1.374,-1.4099,-1.4528,-1.5041,-1.5661,-1.6424,-1.7395,-1.8703,-2.0666,-2.453,-Inf,-Inf,-Inf,-Inf,-Inf,-Inf,-Inf,-Inf,-Inf,-Inf,-Inf,-Inf,-Inf,-Inf,-Inf
-Inf,-Inf,-Inf,-Inf,-Inf,-Inf,-Inf,-Inf,-Inf,-Inf,-Inf,-Inf,-Inf,-Inf,-Inf,-2.4776,-2.0773,-1.8777,-1.7454,-1.6476,-1.571,-1.5089,-1.4576,-1.4148,-1.3792,-1.3499,-1.3265,-1.3089,-1.2973,-1.2923,-1.295,-1.3073,-1.3323,-1.3755,-1.4483,-1.5783,-1.8688,-Inf,-Inf,-Inf,-Inf,-Inf,-Inf,-Inf,-Inf,-Inf,-Inf,-Inf,-Inf,-1.5376,-2.2728,-Inf,-Inf,-1.6118,-Inf,-Inf,-Inf,-Inf,-Inf,-Inf,-Inf,-Inf,-Inf,-Inf,-Inf,-Inf,-Inf,-Inf,-Inf,-Inf,-Inf,-Inf,-1.6118,-Inf,-Inf,-2.2728,-1.5376,-Inf,-Inf,-Inf,-Inf,-Inf,-Inf,-Inf,-Inf,-Inf,-Inf,-Inf,-Inf,-1.8688,-1.5783,-1.4483,-1.3755,-1.3323,-1.3073,-1.295,-1.2923,-1.2973,-1.3089,-1.3265,-1.3499,-1.3792,-1.4148,-1.4576,-1.5089,-1.571,-1.6476,-1.7454,-1.8777,-2.0773,-2.4776,-Inf,-Inf,-Inf,-Inf,-Inf,-Inf,-Inf,-Inf,-Inf,-Inf,-Inf,-Inf,-Inf,-Inf,-Inf
-Inf,-Inf,-Inf,-Inf,-Inf,-Inf,-Inf,-Inf,-Inf,-Inf,-Inf,-Inf,-Inf,-Inf,-Inf,-2.5044,-2.0887,-1.8855,-1.7517,-1.6531,-1.5761,-1.5139,-1.4626,-1.42,-1.3847,-1.3559,-1.3331,-1.3164,-1.306,-1.3026,-1.3075,-1.3228,-1.3523,-1.4027,-1.4886,-1.6486,-2.0727,-Inf,-Inf,-Inf,-Inf,-Inf,-Inf,-Inf,-Inf,-Inf,-Inf,-Inf,-Inf,-1.4599,-Inf,-Inf,-2.9677,-1.6539,-Inf,-Inf,-Inf,-Inf,-Inf,-Inf,-Inf,-Inf,-Inf,-Inf,-Inf,-Inf,-Inf,-Inf,-Inf,-Inf,-Inf,-Inf,-1.6539,-2.9677,-Inf,-Inf,-1.4599,-Inf,-Inf,-Inf,-Inf,-Inf,-Inf,-Inf,-Inf,-Inf,-Inf,-Inf,-Inf,-2.0727,-1.6486,-1.4886,-1.4027,-1.3523,-1.3228,-1.3075,-1.3026,-1.306,-1.3164,-1.3331,-1.3559,-1.3847,-1.42,-1.4626,-1.5139,-1.5761,-1.6531,-1.7517,-1.8855,-2.0887,-2.5044,-Inf,-Inf,-Inf,-Inf,-Inf,-Inf,-Inf,-Inf,-Inf,-Inf,-Inf,-Inf,-Inf,-Inf,-Inf
-Inf,-Inf,-Inf,-Inf,-Inf,-Inf,-Inf,-Inf,-Inf,-Inf,-Inf,-Inf,-Inf,-Inf,-Inf,-2.5338,-2.1007,-1.8936,-1.7582,-1.6589,-1.5815,-1.5191,-1.4678,-1.4254,-1.3905,-1.3622,-1.3402,-1.3244,-1.3153,-1.3136,-1.3209,-1.3397,-1.3743,-1.4333,-1.5356,-1.7383,-2.5174,-Inf,-Inf,-Inf,-Inf,-Inf,-Inf,-Inf,-Inf,-Inf,-Inf,-Inf,-2.0564,-1.4662,-Inf,-Inf,-1.9326,-1.7435,-Inf,-Inf,-Inf,-Inf,-Inf,-Inf,-Inf,-Inf,-Inf,-Inf,-Inf,-Inf,-Inf,-Inf,-Inf,-Inf,-Inf,-Inf,-1.7435,-1.9326,-Inf,-Inf,-1.4662,-2.0564,-Inf,-Inf,-Inf,-Inf,-Inf,-Inf,-Inf,-Inf,-Inf,-Inf,-Inf,-2.5174,-1.7383,-1.5356,-1.4333,-1.3743,-1.3397,-1.3209,-1.3136,-1.3153,-1.3244,-1.3402,-1.3622,-1.3905,-1.4254,-1.4678,-1.5191,-1.5815,-1.6589,-1.7582,-1.8936,-2.1007,-2.5338,-Inf,-Inf,-Inf,-Inf,-Inf,-Inf,-Inf,-Inf,-Inf,-Inf,-Inf,-Inf,-Inf,-Inf,-Inf
-Inf,-Inf,-Inf,-Inf,-Inf,-Inf,-Inf,-Inf,-Inf,-Inf,-Inf,-Inf,-Inf,-Inf,-Inf,-2.5662,-2.1133,-1.9021,-1.7651,-1.6649,-1.5871,-1.5245,-1.4733,-1.4312,-1.3966,-1.3689,-1.3476,-1.3329,-1.3252,-1.3255,-1.3355,-1.3582,-1.3988,-1.4681,-1.5915,-1.8595,-Inf,-Inf,-Inf,-Inf,-Inf,-Inf,-Inf,-Inf,-Inf,-Inf,-Inf,-Inf,-1.718,-1.5874,-Inf,-Inf,-1.7526,-1.9098,-Inf,-Inf,-Inf,-Inf,-Inf,-Inf,-Inf,-Inf,-Inf,-Inf,-Inf,-Inf,-Inf,-Inf,-Inf,-Inf,-Inf,-Inf,-1.9098,-1.7526,-Inf,-Inf,-1.5874,-1.718,-Inf,-Inf,-Inf,-Inf,-Inf,-Inf,-Inf,-Inf,-Inf,-Inf,-Inf,-Inf,-1.8595,-1.5915,-1.4681,-1.3988,-1.3582,-1.3355,-1.3255,-1.3252,-1.3329,-1.3476,-1.3689,-1.3966,-1.4312,-1.4733,-1.5245,-1.5871,-1.6649,-1.7651,-1.9021,-2.1133,-2.5662,-Inf,-Inf,-Inf,-Inf,-Inf,-Inf,-Inf,-Inf,-Inf,-Inf,-Inf,-Inf,-Inf,-Inf,-Inf
-Inf,-Inf,-Inf,-Inf,-Inf,-Inf,-Inf,-Inf,-Inf,-Inf,-Inf,-Inf,-Inf,-Inf,-Inf,-2.6021,-2.1267,-1.9111,-1.7722,-1.6712,-1.5929,-1.5303,-1.4791,-1.4372,-1.4031,-1.3759,-1.3556,-1.342,-1.3359,-1.3384,-1.3514,-1.3785,-1.4262,-1.508,-1.6597,-2.0419,-Inf,-Inf,-Inf,-Inf,-Inf,-Inf,-Inf,-Inf,-Inf,-Inf,-Inf,-Inf,-1.565,-2.1059,-Inf,-Inf,-1.6928,-2.2907,-Inf,-Inf,-Inf,-Inf,-Inf,-Inf,-Inf,-Inf,-Inf,-Inf,-Inf,-Inf,-Inf,-Inf,-Inf,-Inf,-Inf,-Inf,-2.2907,-1.6928,-Inf,-Inf,-2.1059,-1.565,-Inf,-Inf,-Inf,-Inf,-Inf,-Inf,-Inf,-Inf,-Inf,-Inf,-Inf,-Inf,-2.0419,-1.6597,-1.508,-1.4262,-1.3785,-1.3514,-1.3384,-1.3359,-1.342,-1.3556,-1.3759,-1.4031,-1.4372,-1.4791,-1.5303,-1.5929,-1.6712,-1.7722,-1.9111,-2.1267,-2.6021,-Inf,-Inf,-Inf,-Inf,-Inf,-Inf,-Inf,-Inf,-Inf,-Inf,-Inf,-Inf,-Inf,-Inf,-Inf
-Inf,-Inf,-Inf,-Inf,-Inf,-Inf,-Inf,-Inf,-Inf,-Inf,-Inf,-Inf,-Inf,-Inf,-Inf,-2.6424,-2.1409,-1.9205,-1.7797,-1.6778,-1.5991,-1.5363,-1.4852,-1.4436,-1.4099,-1.3835,-1.364,-1.3518,-1.3474,-1.3522,-1.3686,-1.4008,-1.4569,-1.5546,-1.7459,-2.395,-Inf,-Inf,-Inf,-Inf,-Inf,-Inf,-Inf,-Inf,-Inf,-Inf,-Inf,-2.9009,-1.5,-Inf,-Inf,-Inf,-1.6927,-Inf,-Inf,-Inf,-Inf,-Inf,-Inf,-Inf,-Inf,-Inf,-Inf,-Inf,-Inf,-Inf,-Inf,-Inf,-Inf,-Inf,-Inf,-Inf,-Inf,-1.6927,-Inf,-Inf,-Inf,-1.5,-2.9009,-Inf,-Inf,-Inf,-Inf,-Inf,-Inf,-Inf,-Inf,-Inf,-Inf,-Inf,-2.395,-1.7459,-1.5546,-1.4569,-1.4008,-1.3686,-1.3522,-1.3474,-1.3518,-1.364,-1.3835,-1.4099,-1.4436,-1.4852,-1.5363,-1.5991,-1.6778,-1.7797,-1.9205,-2.1409,-2.6424,-Inf,-Inf,-Inf,-Inf,-Inf,-Inf,-Inf,-Inf,-Inf,-Inf,-Inf,-Inf,-Inf,-Inf,-Inf
-Inf,-Inf,-Inf,-Inf,-Inf,-Inf,-Inf,-Inf,-Inf,-Inf,-Inf,-Inf,-Inf,-Inf,-Inf,-2.6881,-2.1561,-1.9304,-1.7876,-1.6847,-1.6056,-1.5426,-1.4916,-1.4503,-1.4171,-1.3915,-1.3731,-1.3622,-1.3597,-1.3672,-1.3875,-1.4257,-1.4918,-1.6098,-1.8611,-Inf,-Inf,-Inf,-Inf,-Inf,-Inf,-Inf,-Inf,-Inf,-Inf,-Inf,-Inf,-1.9812,-1.5098,-Inf,-Inf,-Inf,-1.7401,-Inf,-Inf,-Inf,-Inf,-Inf,-Inf,-Inf,-Inf,-Inf,-Inf,-Inf,-Inf,-Inf,-Inf,-Inf,-Inf,-Inf,-Inf,-Inf,-Inf,-1.7401,-Inf,-Inf,-Inf,-1.5098,-1.9812,-Inf,-Inf,-Inf,-Inf,-Inf,-Inf,-Inf,-Inf,-Inf,-Inf,-Inf,-Inf,-1.8611,-1.6098,-1.4918,-1.4257,-1.3875,-1.3672,-1.3597,-1.3622,-1.3731,-1.3915,-1.4171,-1.4503,-1.4916,-1.5426,-1.6056,-1.6847,-1.7876,-1.9304,-2.1561,-2.6881,-Inf,-Inf,-Inf,-Inf,-Inf,-Inf,-Inf,-Inf,-Inf,-Inf,-Inf,-Inf,-Inf,-Inf,-Inf
-Inf,-Inf,-Inf,-Inf,-Inf,-Inf,-Inf,-Inf,-Inf,-Inf,-Inf,-Inf,-Inf,-Inf,-Inf,-2.7406,-2.1722,-1.9408,-1.7959,-1.692,-1.6124,-1.5493,-1.4984,-1.4574,-1.4248,-1.4,-1.3827,-1.3734,-1.3731,-1.3836,-1.4083,-1.4534,-1.5318,-1.6768,-2.03,-Inf,-Inf,-Inf,-Inf,-Inf,-Inf,-Inf,-Inf,-Inf,-Inf,-Inf,-Inf,-1.7264,-1.6253,-Inf,-Inf,-2.0566,-1.8433,-Inf,-Inf,-Inf,-Inf,-Inf,-Inf,-Inf,-Inf,-Inf,-Inf,-Inf,-Inf,-Inf,-Inf,-Inf,-Inf,-Inf,-Inf,-Inf,-Inf,-1.8433,-2.0566,-Inf,-Inf,-1.6253,-1.7264,-Inf,-Inf,-Inf,-Inf,-Inf,-Inf,-Inf,-Inf,-Inf,-Inf,-Inf,-Inf,-2.03,-1.6768,-1.5318,-1.4534,-1.4083,-1.3836,-1.3731,-1.3734,-1.3827,-1.4,-1.4248,-1.4574,-1.4984,-1.5493,-1.6124,-1.692,-1.7959,-1.9408,-2.1722,-2.7406,-Inf,-Inf,-Inf,-Inf,-Inf,-Inf,-Inf,-Inf,-Inf,-Inf,-Inf,-Inf,-Inf,-Inf,-Inf
-Inf,-Inf,-Inf,-Inf,-Inf,-Inf,-Inf,-Inf,-Inf,-Inf,-Inf,-Inf,-Inf,-Inf,-Inf,-2.802,-2.1894,-1.9519,-1.8046,-1.6996,-1.6195,-1.5563,-1.5056,-1.4649,-1.433,-1.409,-1.393,-1.3854,-1.3875,-1.4014,-1.4311,-1.4845,-1.5784,-1.7612,-2.3361,-Inf,-Inf,-Inf,-Inf,-Inf,-Inf,-Inf,-Inf,-Inf,-Inf,-Inf,-Inf,-1.5991,-2.0745,-Inf,-Inf,-1.8532,-2.0467,-Inf,-Inf,-Inf,-Inf,-Inf,-Inf,-Inf,-Inf,-Inf,-Inf,-Inf,-Inf,-Inf,-Inf,-Inf,-Inf,-Inf,-Inf,-Inf,-Inf,-2.0467,-1.8532,-Inf,-Inf,-2.0745,-1.5991,-Inf,-Inf,-Inf,-Inf,-Inf,-Inf,-Inf,-Inf,-Inf,-Inf,-Inf,-Inf,-2.3361,-1.7612,-1.5784,-1.4845,-1.4311,-1.4014,-1.3875,-1.3854,-1.393,-1.409,-1.433,-1.4649,-1.5056,-1.5563,-1.6195,-1.6996,-1.8046,-1.9519,-2.1894,-2.802,-Inf,-Inf,-Inf,-Inf,-Inf,-Inf,-Inf,-Inf,-Inf,-Inf,-Inf,-Inf,-Inf,-Inf,-Inf
-Inf,-Inf,-Inf,-Inf,-Inf,-Inf,-Inf,-Inf,-Inf,-Inf,-Inf,-Inf,-Inf,-Inf,-Inf,-2.8758,-2.2078,-1.9635,-1.8138,-1.7076,-1.627,-1.5637,-1.5131,-1.4729,-1.4417,-1.4187,-1.4041,-1.3984,-1.4031,-1.4209,-1.4565,-1.5198,-1.6335,-1.8729,-Inf,-Inf,-Inf,-Inf,-Inf,-Inf,-Inf,-Inf,-Inf,-Inf,-Inf,-Inf,-2.445,-1.5457,-Inf,-Inf,-Inf,-1.7888,-2.6477,-Inf,-Inf,-Inf,-Inf,-Inf,-Inf,-Inf,-Inf,-Inf,-Inf,-Inf,-Inf,-Inf,-Inf,-Inf,-Inf,-Inf,-Inf,-Inf,-Inf,-2.6477,-1.7888,-Inf,-Inf,-Inf,-1.5457,-2.445,-Inf,-Inf,-Inf,-Inf,-Inf,-Inf,-Inf,-Inf,-Inf,-Inf,-Inf,-Inf,-1.8729,-1.6335,-1.5198,-1.4565,-1.4209,-1.4031,-1.3984,-1.4041,-1.4187,-1.4417,-1.4729,-1.5131,-1.5637,-1.627,-1.7076,-1.8138,-1.9635,-2.2078,-2.8758,-Inf,-Inf,-Inf,-Inf,-Inf,-Inf,-Inf,-Inf,-Inf,-Inf,-Inf,-Inf,-Inf,-Inf,-Inf
-Inf,-Inf,-Inf,-Inf,-Inf,-Inf,-Inf,-Inf,-Inf,-Inf,-Inf,-Inf,-Inf,-Inf,-Inf,-2.9673,-2.2277,-1.9758,-1.8234,-1.7161,-1.635,-1.5715,-1.5212,-1.4814,-1.4509,-1.429,-1.4159,-1.4124,-1.4201,-1.4423,-1.4849,-1.5604,-1.7004,-2.0345,-Inf,-Inf,-Inf,-Inf,-Inf,-Inf,-Inf,-Inf,-Inf,-Inf,-Inf,-Inf,-1.9543,-1.5612,-Inf,-Inf,-Inf,-1.792,-Inf,-Inf,-Inf,-Inf,-Inf,-Inf,-Inf,-Inf,-Inf,-Inf,-Inf,-Inf,-Inf,-Inf,-Inf,-Inf,-Inf,-Inf,-Inf,-Inf,-Inf,-Inf,-1.792,-Inf,-Inf,-Inf,-1.5612,-1.9543,-Inf,-Inf,-Inf,-Inf,-Inf,-Inf,-Inf,-Inf,-Inf,-Inf,-Inf,-Inf,-2.0345,-1.7004,-1.5604,-1.4849,-1.4423,-1.4201,-1.4124,-1.4159,-1.429,-1.4509,-1.4814,-1.5212,-1.5715,-1.635,-1.7161,-1.8234,-1.9758,-2.2277,-2.9673,-Inf,-Inf,-Inf,-Inf,-Inf,-Inf,-Inf,-Inf,-Inf,-Inf,-Inf,-Inf,-Inf,-Inf,-Inf
-Inf,-Inf,-Inf,-Inf,-Inf,-Inf,-Inf,-Inf,-Inf,-Inf,-Inf,-Inf,-Inf,-Inf,-Inf,-3.0869,-2.2491,-1.9889,-1.8336,-1.725,-1.6433,-1.5798,-1.5297,-1.4904,-1.4608,-1.4401,-1.4287,-1.4275,-1.4387,-1.4659,-1.5168,-1.6076,-1.7844,-2.317,-Inf,-Inf,-Inf,-Inf,-Inf,-Inf,-Inf,-Inf,-Inf,-Inf,-Inf,-Inf,-1.7491,-1.6782,-Inf,-Inf,-Inf,-1.8509,-Inf,-Inf,-Inf,-Inf,-Inf,-Inf,-Inf,-Inf,-Inf,-Inf,-Inf,-Inf,-Inf,-Inf,-Inf,-Inf,-Inf,-Inf,-Inf,-Inf,-Inf,-Inf,-1.8509,-Inf,-Inf,-Inf,-1.6782,-1.7491,-Inf,-Inf,-Inf,-Inf,-Inf,-Inf,-Inf,-Inf,-Inf,-Inf,-Inf,-Inf,-2.317,-1.7844,-1.6076,-1.5168,-1.4659,-1.4387,-1.4275,-1.4287,-1.4401,-1.4608,-1.4904,-1.5297,-1.5798,-1.6433,-1.725,-1.8336,-1.9889,-2.2491,-3.0869,-Inf,-Inf,-Inf,-Inf,-Inf,-Inf,-Inf,-Inf,-Inf,-Inf,-Inf,-Inf,-Inf,-Inf,-Inf
-Inf,-Inf,-Inf,-Inf,-Inf,-Inf,-Inf,-Inf,-Inf,-Inf,-Inf,-Inf,-Inf,-Inf,-Inf,-3.2583,-2.2722,-2.0028,-1.8444,-1.7344,-1.6522,-1.5885,-1.5387,-1.5,-1.4713,-1.452,-1.4425,-1.444,-1.459,-1.4922,-1.553,-1.6635,-1.8953,-3.9016,-Inf,-Inf,-Inf,-Inf,-Inf,-Inf,-Inf,-Inf,-Inf,-Inf,-Inf,-Inf,-1.6416,-2.1133,-Inf,-Inf,-2.2201,-1.9823,-Inf,-Inf,-Inf,-Inf,-Inf,-Inf,-Inf,-Inf,-Inf,-Inf,-Inf,-Inf,-Inf,-Inf,-Inf,-Inf,-Inf,-Inf,-Inf,-Inf,-Inf,-Inf,-1.9823,-2.2201,-Inf,-Inf,-2.1133,-1.6416,-Inf,-Inf,-Inf,-Inf,-Inf,-Inf,-Inf,-Inf,-Inf,-Inf,-Inf,-Inf,-3.9016,-1.8953,-1.6635,-1.553,-1.4922,-1.459,-1.444,-1.4425,-1.452,-1.4713,-1.5,-1.5387,-1.5885,-1.6522,-1.7344,-1.8444,-2.0028,-2.2722,-3.2583,-Inf,-Inf,-Inf,-Inf,-Inf,-Inf,-Inf,-Inf,-Inf,-Inf,-Inf,-Inf,-Inf,-Inf,-Inf
-Inf,-Inf,-Inf,-Inf,-Inf,-Inf,-Inf,-Inf,-Inf,-Inf,-Inf,-Inf,-Inf,-Inf,-Inf,-3.5566,-2.2974,-2.0176,-1.8559,-1.7444,-1.6616,-1.5978,-1.5483,-1.5103,-1.4826,-1.4648,-1.4574,-1.4619,-1.4813,-1.5215,-1.5946,-1.7314,-2.0548,-Inf,-Inf,-Inf,-Inf,-Inf,-Inf,-Inf,-Inf,-Inf,-Inf,-Inf,-Inf,-2.3212,-1.5991,-Inf,-Inf,-Inf,-1.9786,-2.2747,-Inf,-Inf,-Inf,-Inf,-Inf,-Inf,-Inf,-Inf,-Inf,-Inf,-Inf,-Inf,-Inf,-Inf,-Inf,-Inf,-Inf,-Inf,-Inf,-Inf,-Inf,-Inf,-2.2747,-1.9786,-Inf,-Inf,-Inf,-1.5991,-2.3212,-Inf,-Inf,-Inf,-Inf,-Inf,-Inf,-Inf,-Inf,-Inf,-Inf,-Inf,-Inf,-2.0548,-1.7314,-1.5946,-1.5215,-1.4813,-1.4619,-1.4574,-1.4648,-1.4826,-1.5103,-1.5483,-1.5978,-1.6616,-1.7444,-1.8559,-2.0176,-2.2974,-3.5566,-Inf,-Inf,-Inf,-Inf,-Inf,-Inf,-Inf,-Inf,-Inf,-Inf,-Inf,-Inf,-Inf,-Inf,-Inf
-Inf,-Inf,-Inf,-Inf,-Inf,-Inf,-Inf,-Inf,-Inf,-Inf,-Inf,-Inf,-Inf,-Inf,-Inf,-Inf,-2.3249,-2.0334,-1.868,-1.755,-1.6715,-1.6077,-1.5585,-1.5212,-1.4946,-1.4785,-1.4735,-1.4815,-1.5061,-1.5546,-1.6432,-1.8166,-2.3305,-Inf,-Inf,-Inf,-Inf,-Inf,-Inf,-Inf,-Inf,-Inf,-Inf,-Inf,-Inf,-1.9609,-1.6224,-Inf,-Inf,-Inf,-1.9091,-Inf,-Inf,-Inf,-Inf,-Inf,-Inf,-Inf,-Inf,-Inf,-Inf,-Inf,-Inf,-Inf,-Inf,-Inf,-Inf,-Inf,-Inf,-Inf,-Inf,-Inf,-Inf,-Inf,-Inf,-1.9091,-Inf,-Inf,-Inf,-1.6224,-1.9609,-Inf,-Inf,-Inf,-Inf,-Inf,-Inf,-Inf,-Inf,-Inf,-Inf,-Inf,-Inf,-2.3305,-1.8166,-1.6432,-1.5546,-1.5061,-1.4815,-1.4735,-1.4785,-1.4946,-1.5212,-1.5585,-1.6077,-1.6715,-1.755,-1.868,-2.0334,-2.3249,-Inf,-Inf,-Inf,-Inf,-Inf,-Inf,-Inf,-Inf,-Inf,-Inf,-Inf,-Inf,-Inf,-Inf,-Inf,-Inf
-Inf,-Inf,-Inf,-Inf,-Inf,-Inf,-Inf,-Inf,-Inf,-Inf,-Inf,-Inf,-Inf,-Inf,-Inf,-Inf,-2.3552,-2.0504,-1.8809,-1.7662,-1.6821,-1.6182,-1.5693,-1.5329,-1.5076,-1.4934,-1.4911,-1.5029,-1.5336,-1.5923,-1.7008,-1.9294,-3.5512,-Inf,-Inf,-Inf,-Inf,-Inf,-Inf,-Inf,-Inf,-Inf,-Inf,-Inf,-Inf,-1.7872,-1.7485,-Inf,-Inf,-Inf,-1.9202,-Inf,-Inf,-Inf,-Inf,-Inf,-Inf,-Inf,-Inf,-Inf,-Inf,-Inf,-Inf,-Inf,-Inf,-Inf,-Inf,-Inf,-Inf,-Inf,-Inf,-Inf,-Inf,-Inf,-Inf,-1.9202,-Inf,-Inf,-Inf,-1.7485,-1.7872,-Inf,-Inf,-Inf,-Inf,-Inf,-Inf,-Inf,-Inf,-Inf,-Inf,-Inf,-Inf,-3.5512,-1.9294,-1.7008,-1.5923,-1.5336,-1.5029,-1.4911,-1.4934,-1.5076,-1.5329,-1.5693,-1.6182,-1.6821,-1.7662,-1.8809,-2.0504,-2.3552,-Inf,-Inf,-Inf,-Inf,-Inf,-Inf,-Inf,-Inf,-Inf,-Inf,-Inf,-Inf,-Inf,-Inf,-Inf,-Inf
-Inf,-Inf,-Inf,-Inf,-Inf,-Inf,-Inf,-Inf,-Inf,-Inf,-Inf,-Inf,-Inf,-Inf,-Inf,-Inf,-2.3888,-2.0686,-1.8947,-1.7782,-1.6933,-1.6294,-1.581,-1.5455,-1.5216,-1.5095,-1.5102,-1.5266,-1.5644,-1.6357,-1.771,-2.0925,-Inf,-Inf,-Inf,-Inf,-Inf,-Inf,-Inf,-Inf,-Inf,-Inf,-Inf,-Inf,-Inf,-1.695,-2.2185,-Inf,-Inf,-Inf,-2.003,-Inf,-Inf,-Inf,-Inf,-Inf,-Inf,-Inf,-Inf,-Inf,-Inf,-Inf,-Inf,-Inf,-Inf,-Inf,-Inf,-Inf,-Inf,-Inf,-Inf,-Inf,-Inf,-Inf,-Inf,-2.003,-Inf,-Inf,-Inf,-2.2185,-1.695,-Inf,-Inf,-Inf,-Inf,-Inf,-Inf,-Inf,-Inf,-Inf,-Inf,-Inf,-Inf,-Inf,-2.0925,-1.771,-1.6357,-1.5644,-1.5266,-1.5102,-1.5095,-1.5216,-1.5455,-1.581,-1.6294,-1.6933,-1.7782,-1.8947,-2.0686,-2.3888,-Inf,-Inf,-Inf,-Inf,-Inf,-Inf,-Inf,-Inf,-Inf,-Inf,-Inf,-Inf,-Inf,-Inf,-Inf,-Inf
-Inf,-Inf,-Inf,-Inf,-Inf,-Inf,-Inf,-Inf,-Inf,-Inf,-Inf,-Inf,-Inf,-Inf,-Inf,-Inf,-2.4264,-2.0882,-1.9094,-1.7909,-1.7053,-1.6413,-1.5934,-1.5589,-1.5367,-1.5269,-1.5312,-1.5529,-1.5993,-1.6864,-1.8596,-2.3777,-Inf,-Inf,-Inf,-Inf,-Inf,-Inf,-Inf,-Inf,-Inf,-Inf,-Inf,-Inf,-2.3006,-1.6632,-Inf,-Inf,-Inf,-2.4791,-2.1986,-Inf,-Inf,-Inf,-Inf,-Inf,-Inf,-Inf,-Inf,-Inf,-Inf,-Inf,-Inf,-Inf,-Inf,-Inf,-Inf,-Inf,-Inf,-Inf,-Inf,-Inf,-Inf,-Inf,-Inf,-2.1986,-2.4791,-Inf,-Inf,-Inf,-1.6632,-2.3006,-Inf,-Inf,-Inf,-Inf,-Inf,-Inf,-Inf,-Inf,-Inf,-Inf,-Inf,-Inf,-2.3777,-1.8596,-1.6864,-1.5993,-1.5529,-1.5312,-1.5269,-1.5367,-1.5589,-1.5934,-1.6413,-1.7053,-1.7909,-1.9094,-2.0882,-2.4264,-Inf,-Inf,-Inf,-Inf,-Inf,-Inf,-Inf,-Inf,-Inf,-Inf,-Inf,-Inf,-Inf,-Inf,-Inf,-Inf
-Inf,-Inf,-Inf,-Inf,-Inf,-Inf,-Inf,-Inf,-Inf,-Inf,-Inf,-Inf,-Inf,-Inf,-Inf,-Inf,-2.4688,-2.1094,-1.9251,-1.8045,-1.7181,-1.6541,-1.6068,-1.5735,-1.5531,-1.546,-1.5542,-1.5822,-1.6391,-1.747,-1.9778,-4.1212,-Inf,-Inf,-Inf,-Inf,-Inf,-Inf,-Inf,-Inf,-Inf,-Inf,-Inf,-Inf,-1.9973,-1.6974,-Inf,-Inf,-Inf,-2.1514,-2.857,-Inf,-Inf,-Inf,-Inf,-Inf,-Inf,-Inf,-Inf,-Inf,-Inf,-Inf,-Inf,-Inf,-Inf,-Inf,-Inf,-Inf,-Inf,-Inf,-Inf,-Inf,-Inf,-Inf,-Inf,-2.857,-2.1514,-Inf,-Inf,-Inf,-1.6974,-1.9973,-Inf,-Inf,-Inf,-Inf,-Inf,-Inf,-Inf,-Inf,-Inf,-Inf,-Inf,-Inf,-4.1212,-1.9778,-1.747,-1.6391,-1.5822,-1.5542,-1.546,-1.5531,-1.5735,-1.6068,-1.6541,-1.7181,-1.8045,-1.9251,-2.1094,-2.4688,-Inf,-Inf,-Inf,-Inf,-Inf,-Inf,-Inf,-Inf,-Inf,-Inf,-Inf,-Inf,-Inf,-Inf,-Inf,-Inf
-Inf,-Inf,-Inf,-Inf,-Inf,-Inf,-Inf,-Inf,-Inf,-Inf,-Inf,-Inf,-Inf,-Inf,-Inf,-Inf,-2.5173,-2.1325,-1.942,-1.819,-1.7318,-1.6678,-1.6212,-1.5892,-1.5708,-1.5668,-1.5798,-1.6151,-1.6852,-1.8213,-2.1515,-Inf,-Inf,-Inf,-Inf,-Inf,-Inf,-Inf,-Inf,-Inf,-Inf,-Inf,-Inf,-Inf,-1.8433,-1.8423,-Inf,-Inf,-Inf,-2.074,-Inf,-Inf,-Inf,-Inf,-Inf,-Inf,-Inf,-Inf,-Inf,-Inf,-Inf,-Inf,-Inf,-Inf,-Inf,-Inf,-Inf,-Inf,-Inf,-Inf,-Inf,-Inf,-Inf,-Inf,-Inf,-Inf,-2.074,-Inf,-Inf,-Inf,-1.8423,-1.8433,-Inf,-Inf,-Inf,-Inf,-Inf,-Inf,-Inf,-Inf,-Inf,-Inf,-Inf,-Inf,-Inf,-2.1515,-1.8213,-1.6852,-1.6151,-1.5798,-1.5668,-1.5708,-1.5892,-1.6212,-1.6678,-1.7318,-1.819,-1.942,-2.1325,-2.5173,-Inf,-Inf,-Inf,-Inf,-Inf,-Inf,-Inf,-Inf,-Inf,-Inf,-Inf,-Inf,-Inf,-Inf,-Inf,-Inf
-Inf,-Inf,-Inf,-Inf,-Inf,-Inf,-Inf,-Inf,-Inf,-Inf,-Inf,-Inf,-Inf,-Inf,-Inf,-Inf,-2.5737,-2.1576,-1.9603,-1.8347,-1.7465,-1.6826,-1.6367,-1.6062,-1.5902,-1.5898,-1.6082,-1.6526,-1.7394,-1.916,-2.4691,-Inf,-Inf,-Inf,-Inf,-Inf,-Inf,-Inf,-Inf,-Inf,-Inf,-Inf,-Inf,-Inf,-1.7634,-2.4329,-Inf,-Inf,-Inf,-2.1035,-Inf,-Inf,-Inf,-Inf,-Inf,-Inf,-Inf,-Inf,-Inf,-Inf,-Inf,-Inf,-Inf,-Inf,-Inf,-Inf,-Inf,-Inf,-Inf,-Inf,-Inf,-Inf,-Inf,-Inf,-Inf,-Inf,-2.1035,-Inf,-Inf,-Inf,-2.4329,-1.7634,-Inf,-Inf,-Inf,-Inf,-Inf,-Inf,-Inf,-Inf,-Inf,-Inf,-Inf,-Inf,-Inf,-2.4691,-1.916,-1.7394,-1.6526,-1.6082,-1.5898,-1.5902,-1.6062,-1.6367,-1.6826,-1.7465,-1.8347,-1.9603,-2.1576,-2.5737,-Inf,-Inf,-Inf,-Inf,-Inf,-Inf,-Inf,-Inf,-Inf,-Inf,-Inf,-Inf,-Inf,-Inf,-Inf,-Inf
-Inf,-Inf,-Inf,-Inf,-Inf,-Inf,-Inf,-Inf,-Inf,-Inf,-Inf,-Inf,-Inf,-Inf,-Inf,-Inf,-2.6408,-2.1853,-1.98,-1.8515,-1.7624,-1.6985,-1.6535,-1.6247,-1.6114,-1.6151,-1.64,-1.6956,-1.8047,-2.0447,-Inf,-Inf,-Inf,-Inf,-Inf,-Inf,-Inf,-Inf,-Inf,-Inf,-Inf,-Inf,-Inf,-2.3537,-1.7429,-Inf,-Inf,-Inf,-Inf,-2.2442,-Inf,-Inf,-Inf,-Inf,-Inf,-Inf,-Inf,-Inf,-Inf,-Inf,-Inf,-Inf,-Inf,-Inf,-Inf,-Inf,-Inf,-Inf,-Inf,-Inf,-Inf,-Inf,-Inf,-Inf,-Inf,-Inf,-2.2442,-Inf,-Inf,-Inf,-Inf,-1.7429,-2.3537,-Inf,-Inf,-Inf,-Inf,-Inf,-Inf,-Inf,-Inf,-Inf,-Inf,-Inf,-Inf,-Inf,-2.0447,-1.8047,-1.6956,-1.64,-1.6151,-1.6114,-1.6247,-1.6535,-1.6985,-1.7624,-1.8515,-1.98,-2.1853,-2.6408,-Inf,-Inf,-Inf,-Inf,-Inf,-Inf,-Inf,-Inf,-Inf,-Inf,-Inf,-Inf,-Inf,-Inf,-Inf,-Inf
-Inf,-Inf,-Inf,-Inf,-Inf,-Inf,-Inf,-Inf,-Inf,-Inf,-Inf,-Inf,-Inf,-Inf,-Inf,-Inf,-2.7229,-2.2158,-2.0014,-1.8697,-1.7795,-1.7157,-1.6718,-1.6448,-1.6347,-1.6433,-1.6761,-1.7458,-1.8857,-2.2405,-Inf,-Inf,-Inf,-Inf,-Inf,-Inf,-Inf,-Inf,-Inf,-Inf,-Inf,-Inf,-Inf,-2.0677,-1.7925,-Inf,-Inf,-Inf,-3.2368,-2.676,-Inf,-Inf,-Inf,-Inf,-Inf,-Inf,-Inf,-Inf,-Inf,-Inf,-Inf,-Inf,-Inf,-Inf,-Inf,-Inf,-Inf,-Inf,-Inf,-Inf,-Inf,-Inf,-Inf,-Inf,-Inf,-Inf,-2.676,-3.2368,-Inf,-Inf,-Inf,-1.7925,-2.0677,-Inf,-Inf,-Inf,-Inf,-Inf,-Inf,-Inf,-Inf,-Inf,-Inf,-Inf,-Inf,-Inf,-2.2405,-1.8857,-1.7458,-1.6761,-1.6433,-1.6347,-1.6448,-1.6718,-1.7157,-1.7795,-1.8697,-2.0014,-2.2158,-2.7229,-Inf,-Inf,-Inf,-Inf,-Inf,-Inf,-Inf,-Inf,-Inf,-Inf,-Inf,-Inf,-Inf,-Inf,-Inf,-Inf
-Inf,-Inf,-Inf,-Inf,-Inf,-Inf,-Inf,-Inf,-Inf,-Inf,-Inf,-Inf,-Inf,-Inf,-Inf,-Inf,-2.8279,-2.2499,-2.0247,-1.8894,-1.798,-1.7344,-1.6916,-1.6669,-1.6604,-1.6748,-1.7173,-1.8054,-1.991,-2.6382,-Inf,-Inf,-Inf,-Inf,-Inf,-Inf,-Inf,-Inf,-Inf,-Inf,-Inf,-Inf,-Inf,-1.9236,-1.9734,-Inf,-Inf,-Inf,-2.4428,-Inf,-Inf,-Inf,-Inf,-Inf,-Inf,-Inf,-Inf,-Inf,-Inf,-Inf,-Inf,-Inf,-Inf,-Inf,-Inf,-Inf,-Inf,-Inf,-Inf,-Inf,-Inf,-Inf,-Inf,-Inf,-Inf,-Inf,-Inf,-2.4428,-Inf,-Inf,-Inf,-1.9734,-1.9236,-Inf,-Inf,-Inf,-Inf,-Inf,-Inf,-Inf,-Inf,-Inf,-Inf,-Inf,-Inf,-Inf,-2.6382,-1.991,-1.8054,-1.7173,-1.6748,-1.6604,-1.6669,-1.6916,-1.7344,-1.798,-1.8894,-2.0247,-2.2499,-2.8279,-Inf,-Inf,-Inf,-Inf,-Inf,-Inf,-Inf,-Inf,-Inf,-Inf,-Inf,-Inf,-Inf,-Inf,-Inf,-Inf
-Inf,-Inf,-Inf,-Inf,-Inf,-Inf,-Inf,-Inf,-Inf,-Inf,-Inf,-Inf,-Inf,-Inf,-Inf,-Inf,-2.972,-2.2881,-2.0503,-1.9109,-1.8182,-1.7547,-1.7133,-1.6913,-1.6891,-1.7104,-1.7652,-1.8781,-2.1387,-Inf,-Inf,-Inf,-Inf,-Inf,-Inf,-Inf,-Inf,-Inf,-Inf,-Inf,-Inf,-Inf,-Inf,-1.8536,-3.1015,-Inf,-Inf,-Inf,-2.3436,-Inf,-Inf,-Inf,-Inf,-Inf,-Inf,-Inf,-Inf,-Inf,-Inf,-Inf,-Inf,-Inf,-Inf,-Inf,-Inf,-Inf,-Inf,-Inf,-Inf,-Inf,-Inf,-Inf,-Inf,-Inf,-Inf,-Inf,-Inf,-2.3436,-Inf,-Inf,-Inf,-3.1015,-1.8536,-Inf,-Inf,-Inf,-Inf,-Inf,-Inf,-Inf,-Inf,-Inf,-Inf,-Inf,-Inf,-Inf,-Inf,-2.1387,-1.8781,-1.7652,-1.7104,-1.6891,-1.6913,-1.7133,-1.7547,-1.8182,-1.9109,-2.0503,-2.2881,-2.972,-Inf,-Inf,-Inf,-Inf,-Inf,-Inf,-Inf,-Inf,-Inf,-Inf,-Inf,-Inf,-Inf,-Inf,-Inf,-Inf
-Inf,-Inf,-Inf,-Inf,-Inf,-Inf,-Inf,-Inf,-Inf,-Inf,-Inf,-Inf,-Inf,-Inf,-Inf,-Inf,-3.1985,-2.3316,-2.0786,-1.9344,-1.8402,-1.777,-1.7372,-1.7182,-1.7211,-1.7511,-1.8216,-1.9703,-2.3795,-Inf,-Inf,-Inf,-Inf,-Inf,-Inf,-Inf,-Inf,-Inf,-Inf,-Inf,-Inf,-Inf,-2.5004,-1.8464,-Inf,-Inf,-Inf,-Inf,-2.4307,-Inf,-Inf,-Inf,-Inf,-Inf,-Inf,-Inf,-Inf,-Inf,-Inf,-Inf,-Inf,-Inf,-Inf,-Inf,-Inf,-Inf,-Inf,-Inf,-Inf,-Inf,-Inf,-Inf,-Inf,-Inf,-Inf,-Inf,-Inf,-2.4307,-Inf,-Inf,-Inf,-Inf,-1.8464,-2.5004,-Inf,-Inf,-Inf,-Inf,-Inf,-Inf,-Inf,-Inf,-Inf,-Inf,-Inf,-Inf,-Inf,-2.3795,-1.9703,-1.8216,-1.7511,-1.7211,-1.7182,-1.7372,-1.777,-1.8402,-1.9344,-2.0786,-2.3316,-3.1985,-Inf,-Inf,-Inf,-Inf,-Inf,-Inf,-Inf,-Inf,-Inf,-Inf,-Inf,-Inf,-Inf,-Inf,-Inf,-Inf
-Inf,-Inf,-Inf,-Inf,-Inf,-Inf,-Inf,-Inf,-Inf,-Inf,-Inf,-Inf,-Inf,-Inf,-Inf,-Inf,-3.7317,-2.3817,-2.11,-1.9602,-1.8644,-1.8015,-1.7636,-1.7483,-1.7574,-1.7982,-1.8898,-2.094,-3.0354,-Inf,-Inf,-Inf,-Inf,-Inf,-Inf,-Inf,-Inf,-Inf,-Inf,-Inf,-Inf,-Inf,-2.187,-1.9206,-Inf,-Inf,-Inf,-Inf,-2.8568,-Inf,-Inf,-Inf,-Inf,-Inf,-Inf,-Inf,-Inf,-Inf,-Inf,-Inf,-Inf,-Inf,-Inf,-Inf,-Inf,-Inf,-Inf,-Inf,-Inf,-Inf,-Inf,-Inf,-Inf,-Inf,-Inf,-Inf,-Inf,-2.8568,-Inf,-Inf,-Inf,-Inf,-1.9206,-2.187,-Inf,-Inf,-Inf,-Inf,-Inf,-Inf,-Inf,-Inf,-Inf,-Inf,-Inf,-Inf,-Inf,-3.0354,-2.094,-1.8898,-1.7982,-1.7574,-1.7483,-1.7636,-1.8015,-1.8644,-1.9602,-2.11,-2.3817,-3.7317,-Inf,-Inf,-Inf,-Inf,-Inf,-Inf,-Inf,-Inf,-Inf,-Inf,-Inf,-Inf,-Inf,-Inf,-Inf,-Inf
-Inf,-Inf,-Inf,-Inf,-Inf,-Inf,-Inf,-Inf,-Inf,-Inf,-Inf,-Inf,-Inf,-Inf,-Inf,-Inf,-Inf,-2.4406,-2.1451,-1.9888,-1.891,-1.8286,-1.7929,-1.7821,-1.7988,-1.8535,-1.9749,-2.2784,-Inf,-Inf,-Inf,-Inf,-Inf,-Inf,-Inf,-Inf,-Inf,-Inf,-Inf,-Inf,-Inf,-Inf,-2.0413,-2.1778,-Inf,-Inf,-Inf,-Inf,-Inf,-Inf,-Inf,-Inf,-Inf,-Inf,-Inf,-Inf,-Inf,-Inf,-Inf,-Inf,-Inf,-Inf,-Inf,-Inf,-Inf,-Inf,-Inf,-Inf,-Inf,-Inf,-Inf,-Inf,-Inf,-Inf,-Inf,-Inf,-Inf,-Inf,-Inf,-Inf,-Inf,-Inf,-2.1778,-2.0413,-Inf,-Inf,-Inf,-Inf,-Inf,-Inf,-Inf,-Inf,-Inf,-Inf,-Inf,-Inf,-Inf,-Inf,-2.2784,-1.9749,-1.8535,-1.7988,-1.7821,-1.7929,-1.8286,-1.891,-1.9888,-2.1451,-2.4406,-Inf,-Inf,-Inf,-Inf,-Inf,-Inf,-Inf,-Inf,-Inf,-Inf,-Inf,-Inf,-Inf,-Inf,-Inf,-Inf,-Inf
-Inf,-Inf,-Inf,-Inf,-Inf,-Inf,-Inf,-Inf,-Inf,-Inf,-Inf,-Inf,-Inf,-Inf,-Inf,-Inf,-Inf,-2.5113,-2.1849,-2.0207,-1.9206,-1.8587,-1.8258,-1.8203,-1.8468,-1.9201,-2.0866,-2.6302,-Inf,-Inf,-Inf,-Inf,-Inf,-Inf,-Inf,-Inf,-Inf,-Inf,-Inf,-Inf,-Inf,-Inf,-1.9791,-Inf,-Inf,-Inf,-Inf,-3.9617,-Inf,-Inf,-Inf,-Inf,-Inf,-Inf,-Inf,-Inf,-Inf,-Inf,-Inf,-Inf,-Inf,-Inf,-Inf,-Inf,-Inf,-Inf,-Inf,-Inf,-Inf,-Inf,-Inf,-Inf,-Inf,-Inf,-Inf,-Inf,-Inf,-Inf,-3.9617,-Inf,-Inf,-Inf,-Inf,-1.9791,-Inf,-Inf,-Inf,-Inf,-Inf,-Inf,-Inf,-Inf,-Inf,-Inf,-Inf,-Inf,-Inf,-Inf,-2.6302,-2.0866,-1.9201,-1.8468,-1.8203,-1.8258,-1.8587,-1.9206,-2.0207,-2.1849,-2.5113,-Inf,-Inf,-Inf,-Inf,-Inf,-Inf,-Inf,-Inf,-Inf,-Inf,-Inf,-Inf,-Inf,-Inf,-Inf,-Inf,-Inf
-Inf,-Inf,-Inf,-Inf,-Inf,-Inf,-Inf,-Inf,-Inf,-Inf,-Inf,-Inf,-Inf,-Inf,-Inf,-Inf,-Inf,-2.5992,-2.2304,-2.0565,-1.9537,-1.8925,-1.863,-1.8643,-1.9034,-2.0029,-2.2461,-Inf,-Inf,-Inf,-Inf,-Inf,-Inf,-Inf,-Inf,-Inf,-Inf,-Inf,-Inf,-Inf,-Inf,-2.8923,-1.991,-Inf,-Inf,-Inf,-Inf,-3.2301,-Inf,-Inf,-Inf,-Inf,-Inf,-Inf,-Inf,-Inf,-Inf,-Inf,-Inf,-Inf,-Inf,-Inf,-Inf,-Inf,-Inf,-Inf,-Inf,-Inf,-Inf,-Inf,-Inf,-Inf,-Inf,-Inf,-Inf,-Inf,-Inf,-Inf,-3.2301,-Inf,-Inf,-Inf,-Inf,-1.991,-2.8923,-Inf,-Inf,-Inf,-Inf,-Inf,-Inf,-Inf,-Inf,-Inf,-Inf,-Inf,-Inf,-Inf,-Inf,-2.2461,-2.0029,-1.9034,-1.8643,-1.863,-1.8925,-1.9537,-2.0565,-2.2304,-2.5992,-Inf,-Inf,-Inf,-Inf,-Inf,-Inf,-Inf,-Inf,-Inf,-Inf,-Inf,-Inf,-Inf,-Inf,-Inf,-Inf,-Inf
-Inf,-Inf,-Inf,-Inf,-Inf,-Inf,-Inf,-Inf,-Inf,-Inf,-Inf,-Inf,-Inf,-Inf,-Inf,-Inf,-Inf,-2.7142,-2.2833,-2.0971,-1.9911,-1.9308,-1.9055,-1.9155,-1.9716,-2.1105,-2.5179,-Inf,-Inf,-Inf,-Inf,-Inf,-Inf,-Inf,-Inf,-Inf,-Inf,-Inf,-Inf,-Inf,-Inf,-2.4029,-2.113,-Inf,-Inf,-Inf,-Inf,-Inf,-Inf,-Inf,-Inf,-Inf,-Inf,-Inf,-Inf,-Inf,-Inf,-Inf,-Inf,-Inf,-Inf,-Inf,-Inf,-Inf,-Inf,-Inf,-Inf,-Inf,-Inf,-Inf,-Inf,-Inf,-Inf,-Inf,-Inf,-Inf,-Inf,-Inf,-Inf,-Inf,-Inf,-Inf,-Inf,-2.113,-2.4029,-Inf,-Inf,-Inf,-Inf,-Inf,-Inf,-Inf,-Inf,-Inf,-Inf,-Inf,-Inf,-Inf,-Inf,-2.5179,-2.1105,-1.9716,-1.9155,-1.9055,-1.9308,-1.9911,-2.0971,-2.2833,-2.7142,-Inf,-Inf,-Inf,-Inf,-Inf,-Inf,-Inf,-Inf,-Inf,-Inf,-Inf,-Inf,-Inf,-Inf,-Inf,-Inf,-Inf
-Inf,-Inf,-Inf,-Inf,-Inf,-Inf,-Inf,-Inf,-Inf,-Inf,-Inf,-Inf,-Inf,-Inf,-Inf,-Inf,-Inf,-2.8781,-2.3461,-2.1439,-2.0339,-1.9746,-1.9548,-1.9763,-2.0566,-2.262,-3.5733,-Inf,-Inf,-Inf,-Inf,-Inf,-Inf,-Inf,-Inf,-Inf,-Inf,-Inf,-Inf,-Inf,-Inf,-2.2301,-2.6153,-Inf,-Inf,-Inf,-Inf,-Inf,-Inf,-Inf,-Inf,-Inf,-Inf,-Inf,-Inf,-Inf,-Inf,-Inf,-Inf,-Inf,-Inf,-Inf,-Inf,-Inf,-Inf,-Inf,-Inf,-Inf,-Inf,-Inf,-Inf,-Inf,-Inf,-Inf,-Inf,-Inf,-Inf,-Inf,-Inf,-Inf,-Inf,-Inf,-Inf,-2.6153,-2.2301,-Inf,-Inf,-Inf,-Inf,-Inf,-Inf,-Inf,-Inf,-Inf,-Inf,-Inf,-Inf,-Inf,-Inf,-3.5733,-2.262,-2.0566,-1.9763,-1.9548,-1.9746,-2.0339,-2.1439,-2.3461,-2.8781,-Inf,-Inf,-Inf,-Inf,-Inf,-Inf,-Inf,-Inf,-Inf,-Inf,-Inf,-Inf,-Inf,-Inf,-Inf,-Inf,-Inf
-Inf,-Inf,-Inf,-Inf,-Inf,-Inf,-Inf,-Inf,-Inf,-Inf,-Inf,-Inf,-Inf,-Inf,-Inf,-Inf,-Inf,-3.1584,-2.4227,-2.1985,-2.0834,-2.0256,-2.0131,-2.0505,-2.168,-2.5115,-Inf,-Inf,-Inf,-Inf,-Inf,-Inf,-Inf,-Inf,-Inf,-Inf,-Inf,-Inf,-Inf,-Inf,-Inf,-2.1739,-Inf,-Inf,-Inf,-Inf,-Inf,-Inf,-Inf,-Inf,-Inf,-Inf,-Inf,-Inf,-Inf,-Inf,-Inf,-Inf,-Inf,-Inf,-Inf,-Inf,-Inf,-Inf,-Inf,-Inf,-Inf,-Inf,-Inf,-Inf,-Inf,-Inf,-Inf,-Inf,-Inf,-Inf,-Inf,-Inf,-Inf,-Inf,-Inf,-Inf,-Inf,-Inf,-2.1739,-Inf,-Inf,-Inf,-Inf,-Inf,-Inf,-Inf,-Inf,-Inf,-Inf,-Inf,-Inf,-Inf,-Inf,-Inf,-2.5115,-2.168,-2.0505,-2.0131,-2.0256,-2.0834,-2.1985,-2.4227,-3.1584,-Inf,-Inf,-Inf,-Inf,-Inf,-Inf,-Inf,-Inf,-Inf,-Inf,-Inf,-Inf,-Inf,-Inf,-Inf,-Inf,-Inf
-Inf,-Inf,-Inf,-Inf,-Inf,-Inf,-Inf,-Inf,-Inf,-Inf,-Inf,-Inf,-Inf,-Inf,-Inf,-Inf,-Inf,-4.3844,-2.5198,-2.2638,-2.1417,-2.0861,-2.0835,-2.1445,-2.3263,-3.2389,-Inf,-Inf,-Inf,-Inf,-Inf,-Inf,-Inf,-Inf,-Inf,-Inf,-Inf,-Inf,-Inf,-Inf,-Inf,-2.2241,-Inf,-Inf,-Inf,-Inf,-Inf,-Inf,-Inf,-Inf,-Inf,-Inf,-Inf,-Inf,-Inf,-Inf,-Inf,-Inf,-Inf,-Inf,-Inf,-Inf,-Inf,-Inf,-Inf,-Inf,-Inf,-Inf,-Inf,-Inf,-Inf,-Inf,-Inf,-Inf,-Inf,-Inf,-Inf,-Inf,-Inf,-Inf,-Inf,-Inf,-Inf,-Inf,-2.2241,-Inf,-Inf,-Inf,-Inf,-Inf,-Inf,-Inf,-Inf,-Inf,-Inf,-Inf,-Inf,-Inf,-Inf,-Inf,-3.2389,-2.3263,-2.1445,-2.0835,-2.0861,-2.1417,-2.2638,-2.5198,-4.3844,-Inf,-Inf,-Inf,-Inf,-Inf,-Inf,-Inf,-Inf,-Inf,-Inf,-Inf,-Inf,-Inf,-Inf,-Inf,-Inf,-Inf
-Inf,-Inf,-Inf,-Inf,-Inf,-Inf,-Inf,-Inf,-Inf,-Inf,-Inf,-Inf,-Inf,-Inf,-Inf,-Inf,-Inf,-Inf,-2.6509,-2.3442,-2.2122,-2.1597,-2.1718,-2.2708,-2.5939,-Inf,-Inf,-Inf,-Inf,-Inf,-Inf,-Inf,-Inf,-Inf,-Inf,-Inf,-Inf,-Inf,-Inf,-Inf,-3.016,-2.4904,-Inf,-Inf,-Inf,-Inf,-Inf,-Inf,-Inf,-Inf,-Inf,-Inf,-Inf,-Inf,-Inf,-Inf,-Inf,-Inf,-Inf,-Inf,-Inf,-Inf,-Inf,-Inf,-Inf,-Inf,-Inf,-Inf,-Inf,-Inf,-Inf,-Inf,-Inf,-Inf,-Inf,-Inf,-Inf,-Inf,-Inf,-Inf,-Inf,-Inf,-Inf,-Inf,-2.4904,-3.016,-Inf,-Inf,-Inf,-Inf,-Inf,-Inf,-Inf,-Inf,-Inf,-Inf,-Inf,-Inf,-Inf,-Inf,-Inf,-2.5939,-2.2708,-2.1718,-2.1597,-2.2122,-2.3442,-2.6509,-Inf,-Inf,-Inf,-Inf,-Inf,-Inf,-Inf,-Inf,-Inf,-Inf,-Inf,-Inf,-Inf,-Inf,-Inf,-Inf,-Inf,-Inf
-Inf,-Inf,-Inf,-Inf,-Inf,-Inf,-Inf,-Inf,-Inf,-Inf,-Inf,-Inf,-Inf,-Inf,-Inf,-Inf,-Inf,-Inf,-2.8489,-2.4473,-2.3004,-2.2525,-2.2882,-2.4597,-3.5575,-Inf,-Inf,-Inf,-Inf,-Inf,-Inf,-Inf,-Inf,-Inf,-Inf,-Inf,-Inf,-Inf,-Inf,-Inf,-2.6323,-Inf,-Inf,-Inf,-Inf,-Inf,-Inf,-Inf,-Inf,-Inf,-Inf,-Inf,-Inf,-Inf,-Inf,-Inf,-Inf,-Inf,-Inf,-Inf,-Inf,-Inf,-Inf,-Inf,-Inf,-Inf,-Inf,-Inf,-Inf,-Inf,-Inf,-Inf,-Inf,-Inf,-Inf,-Inf,-Inf,-Inf,-Inf,-Inf,-Inf,-Inf,-Inf,-Inf,-Inf,-2.6323,-Inf,-Inf,-Inf,-Inf,-Inf,-Inf,-Inf,-Inf,-Inf,-Inf,-Inf,-Inf,-Inf,-Inf,-Inf,-3.5575,-2.4597,-2.2882,-2.2525,-2.3004,-2.4473,-2.8489,-Inf,-Inf,-Inf,-Inf,-Inf,-Inf,-Inf,-Inf,-Inf,-Inf,-Inf,-Inf,-Inf,-Inf,-Inf,-Inf,-Inf,-Inf
-Inf,-Inf,-Inf,-Inf,-Inf,-Inf,-Inf,-Inf,-Inf,-Inf,-Inf,-Inf,-Inf,-Inf,-Inf,-Inf,-Inf,-Inf,-3.2478,-2.5895,-2.4164,-2.3766,-2.4563,-2.8255,-Inf,-Inf,-Inf,-Inf,-Inf,-Inf,-Inf,-Inf,-Inf,-Inf,-Inf,-Inf,-Inf,-Inf,-Inf,-Inf,-2.5781,-Inf,-Inf,-Inf,-Inf,-Inf,-Inf,-Inf,-Inf,-Inf,-Inf,-Inf,-Inf,-Inf,-Inf,-Inf,-Inf,-Inf,-Inf,-Inf,-Inf,-Inf,-Inf,-Inf,-Inf,-Inf,-Inf,-Inf,-Inf,-Inf,-Inf,-Inf,-Inf,-Inf,-Inf,-Inf,-Inf,-Inf,-Inf,-Inf,-Inf,-Inf,-Inf,-Inf,-Inf,-2.5781,-Inf,-Inf,-Inf,-Inf,-Inf,-Inf,-Inf,-Inf,-Inf,-Inf,-Inf,-Inf,-Inf,-Inf,-Inf,-Inf,-2.8255,-2.4563,-2.3766,-2.4164,-2.5895,-3.2478,-Inf,-Inf,-Inf,-Inf,-Inf,-Inf,-Inf,-Inf,-Inf,-Inf,-Inf,-Inf,-Inf,-Inf,-Inf,-Inf,-Inf,-Inf
-Inf,-Inf,-Inf,-Inf,-Inf,-Inf,-Inf,-Inf,-Inf,-Inf,-Inf,-Inf,-Inf,-Inf,-Inf,-Inf,-Inf,-Inf,-Inf,-2.8139,-2.5834,-2.5604,-2.7517,-Inf,-Inf,-Inf,-Inf,-Inf,-Inf,-Inf,-Inf,-Inf,-Inf,-Inf,-Inf,-Inf,-Inf,-Inf,-Inf,-Inf,-2.8169,-Inf,-Inf,-Inf,-Inf,-Inf,-Inf,-Inf,-Inf,-Inf,-Inf,-Inf,-Inf,-Inf,-Inf,-Inf,-Inf,-Inf,-Inf,-Inf,-Inf,-Inf,-Inf,-Inf,-Inf,-Inf,-Inf,-Inf,-Inf,-Inf,-Inf,-Inf,-Inf,-Inf,-Inf,-Inf,-Inf,-Inf,-Inf,-Inf,-Inf,-Inf,-Inf,-Inf,-Inf,-2.8169,-Inf,-Inf,-Inf,-Inf,-Inf,-Inf,-Inf,-Inf,-Inf,-Inf,-Inf,-Inf,-Inf,-Inf,-Inf,-Inf,-Inf,-2.7517,-2.5604,-2.5834,-2.8139,-Inf,-Inf,-Inf,-Inf,-Inf,-Inf,-Inf,-Inf,-Inf,-Inf,-Inf,-Inf,-Inf,-Inf,-Inf,-Inf,-Inf,-Inf,-Inf
-Inf,-Inf,-Inf,-Inf,-Inf,-Inf,-Inf,-Inf,-Inf,-Inf,-Inf,-Inf,-Inf,-Inf,-Inf,-Inf,-Inf,-Inf,-Inf,-3.3428,-2.8748,-2.9069,-Inf,-Inf,-Inf,-Inf,-Inf,-Inf,-Inf,-Inf,-Inf,-Inf,-Inf,-Inf,-Inf,-Inf,-Inf,-Inf,-Inf,-Inf,-Inf,-Inf,-Inf,-Inf,-Inf,-Inf,-Inf,-Inf,-Inf,-Inf,-Inf,-Inf,-Inf,-Inf,-Inf,-Inf,-Inf,-Inf,-Inf,-Inf,-Inf,-Inf,-Inf,-Inf,-Inf,-Inf,-Inf,-Inf,-Inf,-Inf,-Inf,-Inf,-Inf,-Inf,-Inf,-Inf,-Inf,-Inf,-Inf,-Inf,-Inf,-Inf,-Inf,-Inf,-Inf,-Inf,-Inf,-Inf,-Inf,-Inf,-Inf,-Inf,-Inf,-Inf,-Inf,-Inf,-Inf,-Inf,-Inf,-Inf,-Inf,-Inf,-Inf,-Inf,-2.9069,-2.8748,-3.3428,-Inf,-Inf,-Inf,-Inf,-Inf,-Inf,-Inf,-Inf,-Inf,-Inf,-Inf,-Inf,-Inf,-Inf,-Inf,-Inf,-Inf,-Inf,-Inf
-Inf,-Inf,-Inf,-Inf,-Inf,-Inf,-Inf,-Inf,-Inf,-Inf,-Inf,-Inf,-Inf,-Inf,-Inf,-Inf,-Inf,-Inf,-Inf,-Inf,-5.3761,-Inf,-Inf,-Inf,-Inf,-Inf,-Inf,-Inf,-Inf,-Inf,-Inf,-Inf,-Inf,-Inf,-Inf,-Inf,-Inf,-Inf,-Inf,-Inf,-Inf,-Inf,-Inf,-Inf,-Inf,-Inf,-Inf,-Inf,-Inf,-Inf,-Inf,-Inf,-Inf,-Inf,-Inf,-Inf,-Inf,-Inf,-Inf,-Inf,-Inf,-Inf,-Inf,-Inf,-Inf,-Inf,-Inf,-Inf,-Inf,-Inf,-Inf,-Inf,-Inf,-Inf,-Inf,-Inf,-Inf,-Inf,-Inf,-Inf,-Inf,-Inf,-Inf,-Inf,-Inf,-Inf,-Inf,-Inf,-Inf,-Inf,-Inf,-Inf,-Inf,-Inf,-Inf,-Inf,-Inf,-Inf,-Inf,-Inf,-Inf,-Inf,-Inf,-Inf,-Inf,-5.3761,-Inf,-Inf,-Inf,-Inf,-Inf,-Inf,-Inf,-Inf,-Inf,-Inf,-Inf,-Inf,-Inf,-Inf,-Inf,-Inf,-Inf,-Inf,-Inf,-Inf
-Inf,-Inf,-Inf,-Inf,-Inf,-Inf,-Inf,-Inf,-Inf,-Inf,-Inf,-Inf,-Inf,-Inf,-Inf,-Inf,-Inf,-Inf,-Inf,-Inf,-Inf,-Inf,-Inf,-Inf,-Inf,-Inf,-Inf,-Inf,-Inf,-Inf,-Inf,-Inf,-Inf,-Inf,-Inf,-Inf,-Inf,-Inf,-Inf,-Inf,-Inf,-Inf,-Inf,-Inf,-Inf,-Inf,-Inf,-Inf,-Inf,-Inf,-Inf,-Inf,-Inf,-Inf,-Inf,-Inf,-Inf,-Inf,-Inf,-Inf,-Inf,-Inf,-Inf,-Inf,-Inf,-Inf,-Inf,-Inf,-Inf,-Inf,-Inf,-Inf,-Inf,-Inf,-Inf,-Inf,-Inf,-Inf,-Inf,-Inf,-Inf,-Inf,-Inf,-Inf,-Inf,-Inf,-Inf,-Inf,-Inf,-Inf,-Inf,-Inf,-Inf,-Inf,-Inf,-Inf,-Inf,-Inf,-Inf,-Inf,-Inf,-Inf,-Inf,-Inf,-Inf,-Inf,-Inf,-Inf,-Inf,-Inf,-Inf,-Inf,-Inf,-Inf,-Inf,-Inf,-Inf,-Inf,-Inf,-Inf,-Inf,-Inf,-Inf,-Inf,-Inf,-Inf
-Inf,-Inf,-Inf,-Inf,-Inf,-Inf,-Inf,-Inf,-Inf,-Inf,-Inf,-Inf,-Inf,-Inf,-Inf,-Inf,-Inf,-Inf,-Inf,-Inf,-Inf,-Inf,-Inf,-Inf,-Inf,-Inf,-Inf,-Inf,-Inf,-Inf,-Inf,-Inf,-Inf,-Inf,-Inf,-Inf,-Inf,-Inf,-Inf,-Inf,-Inf,-Inf,-Inf,-Inf,-Inf,-Inf,-Inf,-Inf,-Inf,-Inf,-Inf,-Inf,-Inf,-Inf,-Inf,-Inf,-Inf,-Inf,-Inf,-Inf,-Inf,-Inf,-Inf,-Inf,-Inf,-Inf,-Inf,-Inf,-Inf,-Inf,-Inf,-Inf,-Inf,-Inf,-Inf,-Inf,-Inf,-Inf,-Inf,-Inf,-Inf,-Inf,-Inf,-Inf,-Inf,-Inf,-Inf,-Inf,-Inf,-Inf,-Inf,-Inf,-Inf,-Inf,-Inf,-Inf,-Inf,-Inf,-Inf,-Inf,-Inf,-Inf,-Inf,-Inf,-Inf,-Inf,-Inf,-Inf,-Inf,-Inf,-Inf,-Inf,-Inf,-Inf,-Inf,-Inf,-Inf,-Inf,-Inf,-Inf,-Inf,-Inf,-Inf,-Inf,-Inf,-Inf
-Inf,-Inf,-Inf,-Inf,-Inf,-Inf,-Inf,-Inf,-Inf,-Inf,-Inf,-Inf,-Inf,-Inf,-Inf,-Inf,-Inf,-Inf,-Inf,-Inf,-Inf,-Inf,-Inf,-Inf,-Inf,-Inf,-Inf,-Inf,-Inf,-Inf,-Inf,-Inf,-Inf,-Inf,-Inf,-Inf,-Inf,-Inf,-Inf,-Inf,-Inf,-Inf,-Inf,-Inf,-Inf,-Inf,-Inf,-Inf,-Inf,-Inf,-Inf,-Inf,-Inf,-Inf,-Inf,-Inf,-Inf,-Inf,-Inf,-Inf,-Inf,-Inf,-Inf,-Inf,-Inf,-Inf,-Inf,-Inf,-Inf,-Inf,-Inf,-Inf,-Inf,-Inf,-Inf,-Inf,-Inf,-Inf,-Inf,-Inf,-Inf,-Inf,-Inf,-Inf,-Inf,-Inf,-Inf,-Inf,-Inf,-Inf,-Inf,-Inf,-Inf,-Inf,-Inf,-Inf,-Inf,-Inf,-Inf,-Inf,-Inf,-Inf,-Inf,-Inf,-Inf,-Inf,-Inf,-Inf,-Inf,-Inf,-Inf,-Inf,-Inf,-Inf,-Inf,-Inf,-Inf,-Inf,-Inf,-Inf,-Inf,-Inf,-Inf,-Inf,-Inf,-Inf
-Inf,-Inf,-Inf,-Inf,-Inf,-Inf,-Inf,-Inf,-Inf,-Inf,-Inf,-Inf,-Inf,-Inf,-Inf,-Inf,-Inf,-Inf,-Inf,-Inf,-Inf,-Inf,-Inf,-Inf,-Inf,-Inf,-Inf,-Inf,-Inf,-Inf,-Inf,-Inf,-Inf,-Inf,-Inf,-Inf,-Inf,-Inf,-Inf,-Inf,-Inf,-Inf,-Inf,-Inf,-Inf,-Inf,-Inf,-Inf,-Inf,-Inf,-Inf,-Inf,-Inf,-Inf,-Inf,-Inf,-Inf,-Inf,-Inf,-Inf,-Inf,-Inf,-Inf,-Inf,-Inf,-Inf,-Inf,-Inf,-Inf,-Inf,-Inf,-Inf,-Inf,-Inf,-Inf,-Inf,-Inf,-Inf,-Inf,-Inf,-Inf,-Inf,-Inf,-Inf,-Inf,-Inf,-Inf,-Inf,-Inf,-Inf,-Inf,-Inf,-Inf,-Inf,-Inf,-Inf,-Inf,-Inf,-Inf,-Inf,-Inf,-Inf,-Inf,-Inf,-Inf,-Inf,-Inf,-Inf,-Inf,-Inf,-Inf,-Inf,-Inf,-Inf,-Inf,-Inf,-Inf,-Inf,-Inf,-Inf,-Inf,-Inf,-Inf,-Inf,-Inf,-Inf
-Inf,-Inf,-Inf,-Inf,-Inf,-Inf,-Inf,-Inf,-Inf,-Inf,-Inf,-Inf,-Inf,-Inf,-Inf,-Inf,-Inf,-Inf,-Inf,-Inf,-Inf,-Inf,-Inf,-Inf,-Inf,-Inf,-Inf,-Inf,-Inf,-Inf,-Inf,-Inf,-Inf,-Inf,-Inf,-Inf,-Inf,-Inf,-Inf,-Inf,-Inf,-Inf,-Inf,-Inf,-Inf,-Inf,-Inf,-Inf,-Inf,-Inf,-Inf,-Inf,-Inf,-Inf,-Inf,-Inf,-Inf,-Inf,-Inf,-Inf,-Inf,-Inf,-Inf,-Inf,-Inf,-Inf,-Inf,-Inf,-Inf,-Inf,-Inf,-Inf,-Inf,-Inf,-Inf,-Inf,-Inf,-Inf,-Inf,-Inf,-Inf,-Inf,-Inf,-Inf,-Inf,-Inf,-Inf,-Inf,-Inf,-Inf,-Inf,-Inf,-Inf,-Inf,-Inf,-Inf,-Inf,-Inf,-Inf,-Inf,-Inf,-Inf,-Inf,-Inf,-Inf,-Inf,-Inf,-Inf,-Inf,-Inf,-Inf,-Inf,-Inf,-Inf,-Inf,-Inf,-Inf,-Inf,-Inf,-Inf,-Inf,-Inf,-Inf,-Inf,-Inf,-Inf
-Inf,-Inf,-Inf,-Inf,-Inf,-Inf,-Inf,-Inf,-Inf,-Inf,-Inf,-Inf,-Inf,-Inf,-Inf,-Inf,-Inf,-Inf,-Inf,-Inf,-Inf,-Inf,-Inf,-Inf,-Inf,-Inf,-Inf,-Inf,-Inf,-Inf,-Inf,-Inf,-Inf,-Inf,-Inf,-Inf,-Inf,-Inf,-Inf,-Inf,-Inf,-Inf,-Inf,-Inf,-Inf,-Inf,-Inf,-Inf,-Inf,-Inf,-Inf,-Inf,-Inf,-Inf,-Inf,-Inf,-Inf,-Inf,-Inf,-Inf,-Inf,-Inf,-Inf,-Inf,-Inf,-Inf,-Inf,-Inf,-Inf,-Inf,-Inf,-Inf,-Inf,-Inf,-Inf,-Inf,-Inf,-Inf,-Inf,-Inf,-Inf,-Inf,-Inf,-Inf,-Inf,-Inf,-Inf,-Inf,-Inf,-Inf,-Inf,-Inf,-Inf,-Inf,-Inf,-Inf,-Inf,-Inf,-Inf,-Inf,-Inf,-Inf,-Inf,-Inf,-Inf,-Inf,-Inf,-Inf,-Inf,-Inf,-Inf,-Inf,-Inf,-Inf,-Inf,-Inf,-Inf,-Inf,-Inf,-Inf,-Inf,-Inf,-Inf,-Inf,-Inf,-Inf
-Inf,-Inf,-Inf,-Inf,-Inf,-Inf,-Inf,-Inf,-Inf,-Inf,-Inf,-Inf,-Inf,-Inf,-Inf,-Inf,-Inf,-Inf,-Inf,-Inf,-Inf,-Inf,-Inf,-Inf,-Inf,-Inf,-Inf,-Inf,-Inf,-Inf,-Inf,-Inf,-Inf,-Inf,-Inf,-Inf,-Inf,-Inf,-Inf,-Inf,-Inf,-Inf,-Inf,-Inf,-Inf,-Inf,-Inf,-Inf,-Inf,-Inf,-Inf,-Inf,-Inf,-Inf,-Inf,-Inf,-Inf,-Inf,-Inf,-Inf,-Inf,-Inf,-Inf,-Inf,-Inf,-Inf,-Inf,-Inf,-Inf,-Inf,-Inf,-Inf,-Inf,-Inf,-Inf,-Inf,-Inf,-Inf,-Inf,-Inf,-Inf,-Inf,-Inf,-Inf,-Inf,-Inf,-Inf,-Inf,-Inf,-Inf,-Inf,-Inf,-Inf,-Inf,-Inf,-Inf,-Inf,-Inf,-Inf,-Inf,-Inf,-Inf,-Inf,-Inf,-Inf,-Inf,-Inf,-Inf,-Inf,-Inf,-Inf,-Inf,-Inf,-Inf,-Inf,-Inf,-Inf,-Inf,-Inf,-Inf,-Inf,-Inf,-Inf,-Inf,-Inf,-Inf
-Inf,-Inf,-Inf,-Inf,-Inf,-Inf,-Inf,-Inf,-Inf,-Inf,-Inf,-Inf,-Inf,-Inf,-Inf,-Inf,-Inf,-Inf,-Inf,-Inf,-Inf,-Inf,-Inf,-Inf,-Inf,-Inf,-Inf,-Inf,-Inf,-Inf,-Inf,-Inf,-Inf,-Inf,-Inf,-Inf,-Inf,-Inf,-Inf,-Inf,-Inf,-Inf,-Inf,-Inf,-Inf,-Inf,-Inf,-Inf,-Inf,-Inf,-Inf,-Inf,-Inf,-Inf,-Inf,-Inf,-Inf,-Inf,-Inf,-Inf,-Inf,-Inf,-Inf,-Inf,-Inf,-Inf,-Inf,-Inf,-Inf,-Inf,-Inf,-Inf,-Inf,-Inf,-Inf,-Inf,-Inf,-Inf,-Inf,-Inf,-Inf,-Inf,-Inf,-Inf,-Inf,-Inf,-Inf,-Inf,-Inf,-Inf,-Inf,-Inf,-Inf,-Inf,-Inf,-Inf,-Inf,-Inf,-Inf,-Inf,-Inf,-Inf,-Inf,-Inf,-Inf,-Inf,-Inf,-Inf,-Inf,-Inf,-Inf,-Inf,-Inf,-Inf,-Inf,-Inf,-Inf,-Inf,-Inf,-Inf,-Inf,-Inf,-Inf,-Inf,-Inf,-Inf
-Inf,-Inf,-Inf,-Inf,-Inf,-Inf,-Inf,-Inf,-Inf,-Inf,-Inf,-Inf,-Inf,-Inf,-Inf,-Inf,-Inf,-Inf,-Inf,-Inf,-Inf,-Inf,-Inf,-Inf,-Inf,-Inf,-Inf,-Inf,-Inf,-Inf,-Inf,-Inf,-Inf,-Inf,-Inf,-Inf,-Inf,-Inf,-Inf,-Inf,-Inf,-Inf,-Inf,-Inf,-Inf,-Inf,-Inf,-Inf,-Inf,-Inf,-Inf,-Inf,-Inf,-Inf,-Inf,-Inf,-Inf,-Inf,-Inf,-Inf,-Inf,-Inf,-Inf,-Inf,-Inf,-Inf,-Inf,-Inf,-Inf,-Inf,-Inf,-Inf,-Inf,-Inf,-Inf,-Inf,-Inf,-Inf,-Inf,-Inf,-Inf,-Inf,-Inf,-Inf,-Inf,-Inf,-Inf,-Inf,-Inf,-Inf,-Inf,-Inf,-Inf,-Inf,-Inf,-Inf,-Inf,-Inf,-Inf,-Inf,-Inf,-Inf,-Inf,-Inf,-Inf,-Inf,-Inf,-Inf,-Inf,-Inf,-Inf,-Inf,-Inf,-Inf,-Inf,-Inf,-Inf,-Inf,-Inf,-Inf,-Inf,-Inf,-Inf,-Inf,-Inf,-Inf
-Inf,-Inf,-Inf,-Inf,-Inf,-Inf,-Inf,-Inf,-Inf,-Inf,-Inf,-Inf,-Inf,-Inf,-Inf,-Inf,-Inf,-Inf,-Inf,-Inf,-Inf,-Inf,-Inf,-Inf,-Inf,-Inf,-Inf,-Inf,-Inf,-Inf,-Inf,-Inf,-Inf,-Inf,-Inf,-Inf,-Inf,-Inf,-Inf,-Inf,-Inf,-Inf,-Inf,-Inf,-Inf,-Inf,-Inf,-Inf,-Inf,-Inf,-Inf,-Inf,-Inf,-Inf,-Inf,-Inf,-Inf,-Inf,-Inf,-Inf,-Inf,-Inf,-Inf,-Inf,-Inf,-Inf,-Inf,-Inf,-Inf,-Inf,-Inf,-Inf,-Inf,-Inf,-Inf,-Inf,-Inf,-Inf,-Inf,-Inf,-Inf,-Inf,-Inf,-Inf,-Inf,-Inf,-Inf,-Inf,-Inf,-Inf,-Inf,-Inf,-Inf,-Inf,-Inf,-Inf,-Inf,-Inf,-Inf,-Inf,-Inf,-Inf,-Inf,-Inf,-Inf,-Inf,-Inf,-Inf,-Inf,-Inf,-Inf,-Inf,-Inf,-Inf,-Inf,-Inf,-Inf,-Inf,-Inf,-Inf,-Inf,-Inf,-Inf,-Inf,-Inf,-Inf
-Inf,-Inf,-Inf,-Inf,-Inf,-Inf,-Inf,-Inf,-Inf,-Inf,-Inf,-Inf,-Inf,-Inf,-Inf,-Inf,-Inf,-Inf,-Inf,-Inf,-Inf,-Inf,-Inf,-Inf,-Inf,-Inf,-Inf,-Inf,-Inf,-Inf,-Inf,-Inf,-Inf,-Inf,-Inf,-Inf,-Inf,-Inf,-Inf,-Inf,-Inf,-Inf,-Inf,-Inf,-Inf,-Inf,-Inf,-Inf,-Inf,-Inf,-Inf,-Inf,-Inf,-Inf,-Inf,-Inf,-Inf,-Inf,-Inf,-Inf,-Inf,-Inf,-Inf,-Inf,-Inf,-Inf,-Inf,-Inf,-Inf,-Inf,-Inf,-Inf,-Inf,-Inf,-Inf,-Inf,-Inf,-Inf,-Inf,-Inf,-Inf,-Inf,-Inf,-Inf,-Inf,-Inf,-Inf,-Inf,-Inf,-Inf,-Inf,-Inf,-Inf,-Inf,-Inf,-Inf,-Inf,-Inf,-Inf,-Inf,-Inf,-Inf,-Inf,-Inf,-Inf,-Inf,-Inf,-Inf,-Inf,-Inf,-Inf,-Inf,-Inf,-Inf,-Inf,-Inf,-Inf,-Inf,-Inf,-Inf,-Inf,-Inf,-Inf,-Inf,-Inf,-Inf
-Inf,-Inf,-Inf,-Inf,-Inf,-Inf,-Inf,-Inf,-Inf,-Inf,-Inf,-Inf,-Inf,-Inf,-Inf,-Inf,-Inf,-Inf,-Inf,-Inf,-Inf,-Inf,-Inf,-Inf,-Inf,-Inf,-Inf,-Inf,-Inf,-Inf,-Inf,-Inf,-Inf,-Inf,-Inf,-Inf,-Inf,-Inf,-Inf,-Inf,-Inf,-Inf,-Inf,-Inf,-Inf,-Inf,-Inf,-Inf,-Inf,-Inf,-Inf,-Inf,-Inf,-Inf,-Inf,-Inf,-Inf,-Inf,-Inf,-Inf,-Inf,-Inf,-Inf,-Inf,-Inf,-Inf,-Inf,-Inf,-Inf,-Inf,-Inf,-Inf,-Inf,-Inf,-Inf,-Inf,-Inf,-Inf,-Inf,-Inf,-Inf,-Inf,-Inf,-Inf,-Inf,-Inf,-Inf,-Inf,-Inf,-Inf,-Inf,-Inf,-Inf,-Inf,-Inf,-Inf,-Inf,-Inf,-Inf,-Inf,-Inf,-Inf,-Inf,-Inf,-Inf,-Inf,-Inf,-Inf,-Inf,-Inf,-Inf,-Inf,-Inf,-Inf,-Inf,-Inf,-Inf,-Inf,-Inf,-Inf,-Inf,-Inf,-Inf,-Inf,-Inf,-Inf
-Inf,-Inf,-Inf,-Inf,-Inf,-Inf,-Inf,-Inf,-Inf,-Inf,-Inf,-Inf,-Inf,-Inf,-Inf,-Inf,-Inf,-Inf,-Inf,-Inf,-Inf,-Inf,-Inf,-Inf,-Inf,-Inf,-Inf,-Inf,-Inf,-Inf,-Inf,-Inf,-Inf,-Inf,-Inf,-Inf,-Inf,-Inf,-Inf,-Inf,-Inf,-Inf,-Inf,-Inf,-Inf,-Inf,-Inf,-Inf,-Inf,-Inf,-Inf,-Inf,-Inf,-Inf,-Inf,-Inf,-Inf,-Inf,-Inf,-Inf,-Inf,-Inf,-Inf,-Inf,-Inf,-Inf,-Inf,-Inf,-Inf,-Inf,-Inf,-Inf,-Inf,-Inf,-Inf,-Inf,-Inf,-Inf,-Inf,-Inf,-Inf,-Inf,-Inf,-Inf,-Inf,-Inf,-Inf,-Inf,-Inf,-Inf,-Inf,-Inf,-Inf,-Inf,-Inf,-Inf,-Inf,-Inf,-Inf,-Inf,-Inf,-Inf,-Inf,-Inf,-Inf,-Inf,-Inf,-Inf,-Inf,-Inf,-Inf,-Inf,-Inf,-Inf,-Inf,-Inf,-Inf,-Inf,-Inf,-Inf,-Inf,-Inf,-Inf,-Inf,-Inf,-Inf
-Inf,-Inf,-Inf,-Inf,-Inf,-Inf,-Inf,-Inf,-Inf,-Inf,-Inf,-Inf,-Inf,-Inf,-Inf,-Inf,-Inf,-Inf,-Inf,-Inf,-Inf,-Inf,-Inf,-Inf,-Inf,-Inf,-Inf,-Inf,-Inf,-Inf,-Inf,-Inf,-Inf,-Inf,-Inf,-Inf,-Inf,-Inf,-Inf,-Inf,-Inf,-Inf,-Inf,-Inf,-Inf,-Inf,-Inf,-Inf,-Inf,-Inf,-Inf,-Inf,-Inf,-Inf,-Inf,-Inf,-Inf,-Inf,-Inf,-Inf,-Inf,-Inf,-Inf,-Inf,-Inf,-Inf,-Inf,-Inf,-Inf,-Inf,-Inf,-Inf,-Inf,-Inf,-Inf,-Inf,-Inf,-Inf,-Inf,-Inf,-Inf,-Inf,-Inf,-Inf,-Inf,-Inf,-Inf,-Inf,-Inf,-Inf,-Inf,-Inf,-Inf,-Inf,-Inf,-Inf,-Inf,-Inf,-Inf,-Inf,-Inf,-Inf,-Inf,-Inf,-Inf,-Inf,-Inf,-Inf,-Inf,-Inf,-Inf,-Inf,-Inf,-Inf,-Inf,-Inf,-Inf,-Inf,-Inf,-Inf,-Inf,-Inf,-Inf,-Inf,-Inf,-Inf
-Inf,-Inf,-Inf,-Inf,-Inf,-Inf,-Inf,-Inf,-Inf,-Inf,-Inf,-Inf,-Inf,-Inf,-Inf,-Inf,-Inf,-Inf,-Inf,-Inf,-Inf,-Inf,-Inf,-Inf,-Inf,-Inf,-Inf,-Inf,-Inf,-Inf,-Inf,-Inf,-Inf,-Inf,-Inf,-Inf,-Inf,-Inf,-Inf,-Inf,-Inf,-Inf,-Inf,-Inf,-Inf,-Inf,-Inf,-Inf,-Inf,-Inf,-Inf,-Inf,-Inf,-Inf,-Inf,-Inf,-Inf,-Inf,-Inf,-Inf,-Inf,-Inf,-Inf,-Inf,-Inf,-Inf,-Inf,-Inf,-Inf,-Inf,-Inf,-Inf,-Inf,-Inf,-Inf,-Inf,-Inf,-Inf,-Inf,-Inf,-Inf,-Inf,-Inf,-Inf,-Inf,-Inf,-Inf,-Inf,-Inf,-Inf,-Inf,-Inf,-Inf,-Inf,-Inf,-Inf,-Inf,-Inf,-Inf,-Inf,-Inf,-Inf,-Inf,-Inf,-Inf,-Inf,-Inf,-Inf,-Inf,-Inf,-Inf,-Inf,-Inf,-Inf,-Inf,-Inf,-Inf,-Inf,-Inf,-Inf,-Inf,-Inf,-Inf,-Inf,-Inf,-Inf
-Inf,-Inf,-Inf,-Inf,-Inf,-Inf,-Inf,-Inf,-Inf,-Inf,-Inf,-Inf,-Inf,-Inf,-Inf,-Inf,-Inf,-Inf,-Inf,-Inf,-Inf,-Inf,-Inf,-Inf,-Inf,-Inf,-Inf,-Inf,-Inf,-Inf,-Inf,-Inf,-Inf,-Inf,-Inf,-Inf,-Inf,-Inf,-Inf,-Inf,-Inf,-Inf,-Inf,-Inf,-Inf,-Inf,-Inf,-Inf,-Inf,-Inf,-Inf,-Inf,-Inf,-Inf,-Inf,-Inf,-Inf,-Inf,-Inf,-Inf,-Inf,-Inf,-Inf,-Inf,-Inf,-Inf,-Inf,-Inf,-Inf,-Inf,-Inf,-Inf,-Inf,-Inf,-Inf,-Inf,-Inf,-Inf,-Inf,-Inf,-Inf,-Inf,-Inf,-Inf,-Inf,-Inf,-Inf,-Inf,-Inf,-Inf,-Inf,-Inf,-Inf,-Inf,-Inf,-Inf,-Inf,-Inf,-Inf,-Inf,-Inf,-Inf,-Inf,-Inf,-Inf,-Inf,-Inf,-Inf,-Inf,-Inf,-Inf,-Inf,-Inf,-Inf,-Inf,-Inf,-Inf,-Inf,-Inf,-Inf,-Inf,-Inf,-Inf,-Inf,-Inf,-Inf
-Inf,-Inf,-Inf,-Inf,-Inf,-Inf,-Inf,-Inf,-Inf,-Inf,-Inf,-Inf,-Inf,-Inf,-Inf,-Inf,-Inf,-Inf,-Inf,-Inf,-Inf,-Inf,-Inf,-Inf,-Inf,-Inf,-Inf,-Inf,-Inf,-Inf,-Inf,-Inf,-Inf,-Inf,-Inf,-Inf,-Inf,-Inf,-Inf,-Inf,-Inf,-Inf,-Inf,-Inf,-Inf,-Inf,-Inf,-Inf,-Inf,-Inf,-Inf,-Inf,-Inf,-Inf,-Inf,-Inf,-Inf,-Inf,-Inf,-Inf,-Inf,-Inf,-Inf,-Inf,-Inf,-Inf,-Inf,-Inf,-Inf,-Inf,-Inf,-Inf,-Inf,-Inf,-Inf,-Inf,-Inf,-Inf,-Inf,-Inf,-Inf,-Inf,-Inf,-Inf,-Inf,-Inf,-Inf,-Inf,-Inf,-Inf,-Inf,-Inf,-Inf,-Inf,-Inf,-Inf,-Inf,-Inf,-Inf,-Inf,-Inf,-Inf,-Inf,-Inf,-Inf,-Inf,-Inf,-Inf,-Inf,-Inf,-Inf,-Inf,-Inf,-Inf,-Inf,-Inf,-Inf,-Inf,-Inf,-Inf,-Inf,-Inf,-Inf,-Inf,-Inf,-Inf
-Inf,-Inf,-Inf,-Inf,-Inf,-Inf,-Inf,-Inf,-Inf,-Inf,-Inf,-Inf,-Inf,-Inf,-Inf,-Inf,-Inf,-Inf,-Inf,-Inf,-Inf,-Inf,-Inf,-Inf,-Inf,-Inf,-Inf,-Inf,-Inf,-Inf,-Inf,-Inf,-Inf,-Inf,-Inf,-Inf,-Inf,-Inf,-Inf,-Inf,-Inf,-Inf,-Inf,-Inf,-Inf,-Inf,-Inf,-Inf,-Inf,-Inf,-Inf,-Inf,-Inf,-Inf,-Inf,-Inf,-Inf,-Inf,-Inf,-Inf,-Inf,-Inf,-Inf,-Inf,-Inf,-Inf,-Inf,-Inf,-Inf,-Inf,-Inf,-Inf,-Inf,-Inf,-Inf,-Inf,-Inf,-Inf,-Inf,-Inf,-Inf,-Inf,-Inf,-Inf,-Inf,-Inf,-Inf,-Inf,-Inf,-Inf,-Inf,-Inf,-Inf,-Inf,-Inf,-Inf,-Inf,-Inf,-Inf,-Inf,-Inf,-Inf,-Inf,-Inf,-Inf,-Inf,-Inf,-Inf,-Inf,-Inf,-Inf,-Inf,-Inf,-Inf,-Inf,-Inf,-Inf,-Inf,-Inf,-Inf,-Inf,-Inf,-Inf,-Inf,-Inf,-Inf
-Inf,-Inf,-Inf,-Inf,-Inf,-Inf,-Inf,-Inf,-Inf,-Inf,-Inf,-Inf,-Inf,-Inf,-Inf,-Inf,-Inf,-Inf,-Inf,-Inf,-Inf,-Inf,-Inf,-Inf,-Inf,-Inf,-Inf,-Inf,-Inf,-Inf,-Inf,-Inf,-Inf,-Inf,-Inf,-Inf,-Inf,-Inf,-Inf,-Inf,-Inf,-Inf,-Inf,-Inf,-Inf,-Inf,-Inf,-Inf,-Inf,-Inf,-Inf,-Inf,-Inf,-Inf,-Inf,-Inf,-Inf,-Inf,-Inf,-Inf,-Inf,-Inf,-Inf,-Inf,-Inf,-Inf,-Inf,-Inf,-Inf,-Inf,-Inf,-Inf,-Inf,-Inf,-Inf,-Inf,-Inf,-Inf,-Inf,-Inf,-Inf,-Inf,-Inf,-Inf,-Inf,-Inf,-Inf,-Inf,-Inf,-Inf,-Inf,-Inf,-Inf,-Inf,-Inf,-Inf,-Inf,-Inf,-Inf,-Inf,-Inf,-Inf,-Inf,-Inf,-Inf,-Inf,-Inf,-Inf,-Inf,-Inf,-Inf,-Inf,-Inf,-Inf,-Inf,-Inf,-Inf,-Inf,-Inf,-Inf,-Inf,-Inf,-Inf,-Inf,-Inf,-Inf
-Inf,-Inf,-Inf,-Inf,-Inf,-Inf,-Inf,-Inf,-Inf,-Inf,-Inf,-Inf,-Inf,-Inf,-Inf,-Inf,-Inf,-Inf,-Inf,-Inf,-Inf,-Inf,-Inf,-Inf,-Inf,-Inf,-Inf,-Inf,-Inf,-Inf,-Inf,-Inf,-Inf,-Inf,-Inf,-Inf,-Inf,-Inf,-Inf,-Inf,-Inf,-Inf,-Inf,-Inf,-Inf,-Inf,-Inf,-Inf,-Inf,-Inf,-Inf,-Inf,-Inf,-Inf,-Inf,-Inf,-Inf,-Inf,-Inf,-Inf,-Inf,-Inf,-Inf,-Inf,-Inf,-Inf,-Inf,-Inf,-Inf,-Inf,-Inf,-Inf,-Inf,-Inf,-Inf,-Inf,-Inf,-Inf,-Inf,-Inf,-Inf,-Inf,-Inf,-Inf,-Inf,-Inf,-Inf,-Inf,-Inf,-Inf,-Inf,-Inf,-Inf,-Inf,-Inf,-Inf,-Inf,-Inf,-Inf,-Inf,-Inf,-Inf,-Inf,-Inf,-Inf,-Inf,-Inf,-Inf,-Inf,-Inf,-Inf,-Inf,-Inf,-Inf,-Inf,-Inf,-Inf,-Inf,-Inf,-Inf,-Inf,-Inf,-Inf,-Inf,-Inf,-Inf
-Inf,-Inf,-Inf,-Inf,-Inf,-Inf,-Inf,-Inf,-Inf,-Inf,-Inf,-Inf,-Inf,-Inf,-Inf,-Inf,-Inf,-Inf,-Inf,-Inf,-Inf,-Inf,-Inf,-Inf,-Inf,-Inf,-Inf,-Inf,-Inf,-Inf,-Inf,-Inf,-Inf,-Inf,-Inf,-Inf,-Inf,-Inf,-Inf,-Inf,-Inf,-Inf,-Inf,-Inf,-Inf,-Inf,-Inf,-Inf,-Inf,-Inf,-Inf,-Inf,-Inf,-Inf,-Inf,-Inf,-Inf,-Inf,-Inf,-Inf,-Inf,-Inf,-Inf,-Inf,-Inf,-Inf,-Inf,-Inf,-Inf,-Inf,-Inf,-Inf,-Inf,-Inf,-Inf,-Inf,-Inf,-Inf,-Inf,-Inf,-Inf,-Inf,-Inf,-Inf,-Inf,-Inf,-Inf,-Inf,-Inf,-Inf,-Inf,-Inf,-Inf,-Inf,-Inf,-Inf,-Inf,-Inf,-Inf,-Inf,-Inf,-Inf,-Inf,-Inf,-Inf,-Inf,-Inf,-Inf,-Inf,-Inf,-Inf,-Inf,-Inf,-Inf,-Inf,-Inf,-Inf,-Inf,-Inf,-Inf,-Inf,-Inf,-Inf,-Inf,-Inf,-Inf
-Inf,-Inf,-Inf,-Inf,-Inf,-Inf,-Inf,-Inf,-Inf,-Inf,-Inf,-Inf,-Inf,-Inf,-Inf,-Inf,-Inf,-Inf,-Inf,-Inf,-Inf,-Inf,-Inf,-Inf,-Inf,-Inf,-Inf,-Inf,-Inf,-Inf,-Inf,-Inf,-Inf,-Inf,-Inf,-Inf,-Inf,-Inf,-Inf,-Inf,-Inf,-Inf,-Inf,-Inf,-Inf,-Inf,-Inf,-Inf,-Inf,-Inf,-Inf,-Inf,-Inf,-Inf,-Inf,-Inf,-Inf,-Inf,-Inf,-Inf,-Inf,-Inf,-Inf,-Inf,-Inf,-Inf,-Inf,-Inf,-Inf,-Inf,-Inf,-Inf,-Inf,-Inf,-Inf,-Inf,-Inf,-Inf,-Inf,-Inf,-Inf,-Inf,-Inf,-Inf,-Inf,-Inf,-Inf,-Inf,-Inf,-Inf,-Inf,-Inf,-Inf,-Inf,-Inf,-Inf,-Inf,-Inf,-Inf,-Inf,-Inf,-Inf,-Inf,-Inf,-Inf,-Inf,-Inf,-Inf,-Inf,-Inf,-Inf,-Inf,-Inf,-Inf,-Inf,-Inf,-Inf,-Inf,-Inf,-Inf,-Inf,-Inf,-Inf,-Inf,-Inf,-Inf
-Inf,-Inf,-Inf,-Inf,-Inf,-Inf,-Inf,-Inf,-Inf,-Inf,-Inf,-Inf,-Inf,-Inf,-Inf,-Inf,-Inf,-Inf,-Inf,-Inf,-Inf,-Inf,-Inf,-Inf,-Inf,-Inf,-Inf,-Inf,-Inf,-Inf,-Inf,-Inf,-Inf,-Inf,-Inf,-Inf,-Inf,-Inf,-Inf,-Inf,-Inf,-Inf,-Inf,-Inf,-Inf,-Inf,-Inf,-Inf,-Inf,-Inf,-Inf,-Inf,-Inf,-Inf,-Inf,-Inf,-Inf,-Inf,-Inf,-Inf,-Inf,-Inf,-Inf,-Inf,-Inf,-Inf,-Inf,-Inf,-Inf,-Inf,-Inf,-Inf,-Inf,-Inf,-Inf,-Inf,-Inf,-Inf,-Inf,-Inf,-Inf,-Inf,-Inf,-Inf,-Inf,-Inf,-Inf,-Inf,-Inf,-Inf,-Inf,-Inf,-Inf,-Inf,-Inf,-Inf,-Inf,-Inf,-Inf,-Inf,-Inf,-Inf,-Inf,-Inf,-Inf,-Inf,-Inf,-Inf,-Inf,-Inf,-Inf,-Inf,-Inf,-Inf,-Inf,-Inf,-Inf,-Inf,-Inf,-Inf,-Inf,-Inf,-Inf,-Inf,-Inf,-Inf
-Inf,-Inf,-Inf,-Inf,-Inf,-Inf,-Inf,-Inf,-Inf,-Inf,-Inf,-Inf,-Inf,-Inf,-Inf,-Inf,-Inf,-Inf,-Inf,-Inf,-Inf,-Inf,-Inf,-Inf,-Inf,-Inf,-Inf,-Inf,-Inf,-Inf,-Inf,-Inf,-Inf,-Inf,-Inf,-Inf,-Inf,-Inf,-Inf,-Inf,-Inf,-Inf,-Inf,-Inf,-Inf,-Inf,-Inf,-Inf,-Inf,-Inf,-Inf,-Inf,-Inf,-Inf,-Inf,-Inf,-Inf,-Inf,-Inf,-Inf,-Inf,-Inf,-Inf,-Inf,-Inf,-Inf,-Inf,-Inf,-Inf,-Inf,-Inf,-Inf,-Inf,-Inf,-Inf,-Inf,-Inf,-Inf,-Inf,-Inf,-Inf,-Inf,-Inf,-Inf,-Inf,-Inf,-Inf,-Inf,-Inf,-Inf,-Inf,-Inf,-Inf,-Inf,-Inf,-Inf,-Inf,-Inf,-Inf,-Inf,-Inf,-Inf,-Inf,-Inf,-Inf,-Inf,-Inf,-Inf,-Inf,-Inf,-Inf,-Inf,-Inf,-Inf,-Inf,-Inf,-Inf,-Inf,-Inf,-Inf,-Inf,-Inf,-Inf,-Inf,-Inf,-Inf
-Inf,-Inf,-Inf,-Inf,-Inf,-Inf,-Inf,-Inf,-Inf,-Inf,-Inf,-Inf,-Inf,-Inf,-Inf,-Inf,-Inf,-Inf,-Inf,-Inf,-Inf,-Inf,-Inf,-Inf,-Inf,-Inf,-Inf,-Inf,-Inf,-Inf,-Inf,-Inf,-Inf,-Inf,-Inf,-Inf,-Inf,-Inf,-Inf,-Inf,-Inf,-Inf,-Inf,-Inf,-Inf,-Inf,-Inf,-Inf,-Inf,-Inf,-Inf,-Inf,-Inf,-Inf,-Inf,-Inf,-Inf,-Inf,-Inf,-Inf,-Inf,-Inf,-Inf,-Inf,-Inf,-Inf,-Inf,-Inf,-Inf,-Inf,-Inf,-Inf,-Inf,-Inf,-Inf,-Inf,-Inf,-Inf,-Inf,-Inf,-Inf,-Inf,-Inf,-Inf,-Inf,-Inf,-Inf,-Inf,-Inf,-Inf,-Inf,-Inf,-Inf,-Inf,-Inf,-Inf,-Inf,-Inf,-Inf,-Inf,-Inf,-Inf,-Inf,-Inf,-Inf,-Inf,-Inf,-Inf,-Inf,-Inf,-Inf,-Inf,-Inf,-Inf,-Inf,-Inf,-Inf,-Inf,-Inf,-Inf,-Inf,-Inf,-Inf,-Inf,-Inf,-Inf
-Inf,-Inf,-Inf,-Inf,-Inf,-Inf,-Inf,-Inf,-Inf,-Inf,-Inf,-Inf,-Inf,-Inf,-Inf,-Inf,-Inf,-Inf,-Inf,-Inf,-Inf,-Inf,-Inf,-Inf,-Inf,-Inf,-Inf,-Inf,-Inf,-Inf,-Inf,-Inf,-Inf,-Inf,-Inf,-Inf,-Inf,-Inf,-Inf,-Inf,-Inf,-Inf,-Inf,-Inf,-Inf,-Inf,-Inf,-Inf,-Inf,-Inf,-Inf,-Inf,-Inf,-Inf,-Inf,-Inf,-Inf,-Inf,-Inf,-Inf,-Inf,-Inf,-Inf,-Inf,-Inf,-Inf,-Inf,-Inf,-Inf,-Inf,-Inf,-Inf,-Inf,-Inf,-Inf,-Inf,-Inf,-Inf,-Inf,-Inf,-Inf,-Inf,-Inf,-Inf,-Inf,-Inf,-Inf,-Inf,-Inf,-Inf,-Inf,-Inf,-Inf,-Inf,-Inf,-Inf,-Inf,-Inf,-Inf,-Inf,-Inf,-Inf,-Inf,-Inf,-Inf,-Inf,-Inf,-Inf,-Inf,-Inf,-Inf,-Inf,-Inf,-Inf,-Inf,-Inf,-Inf,-Inf,-Inf,-Inf,-Inf,-Inf,-Inf,-Inf,-Inf,-Inf
-Inf,-Inf,-Inf,-Inf,-Inf,-Inf,-Inf,-Inf,-Inf,-Inf,-Inf,-Inf,-Inf,-Inf,-Inf,-Inf,-Inf,-Inf,-Inf,-Inf,-Inf,-Inf,-Inf,-Inf,-Inf,-Inf,-Inf,-Inf,-Inf,-Inf,-Inf,-Inf,-Inf,-Inf,-Inf,-Inf,-Inf,-Inf,-Inf,-Inf,-Inf,-Inf,-Inf,-Inf,-Inf,-Inf,-Inf,-Inf,-Inf,-Inf,-Inf,-Inf,-Inf,-Inf,-Inf,-Inf,-Inf,-Inf,-Inf,-Inf,-Inf,-Inf,-Inf,-Inf,-Inf,-Inf,-Inf,-Inf,-Inf,-Inf,-Inf,-Inf,-Inf,-Inf,-Inf,-Inf,-Inf,-Inf,-Inf,-Inf,-Inf,-Inf,-Inf,-Inf,-Inf,-Inf,-Inf,-Inf,-Inf,-Inf,-Inf,-Inf,-Inf,-Inf,-Inf,-Inf,-Inf,-Inf,-Inf,-Inf,-Inf,-Inf,-Inf,-Inf,-Inf,-Inf,-Inf,-Inf,-Inf,-Inf,-Inf,-Inf,-Inf,-Inf,-Inf,-Inf,-Inf,-Inf,-Inf,-Inf,-Inf,-Inf,-Inf,-Inf,-Inf,-Inf
-Inf,-Inf,-Inf,-Inf,-Inf,-Inf,-Inf,-Inf,-Inf,-Inf,-Inf,-Inf,-Inf,-Inf,-Inf,-Inf,-Inf,-Inf,-Inf,-Inf,-Inf,-Inf,-Inf,-Inf,-Inf,-Inf,-Inf,-Inf,-Inf,-Inf,-Inf,-Inf,-Inf,-Inf,-Inf,-Inf,-Inf,-Inf,-Inf,-Inf,-Inf,-Inf,-Inf,-Inf,-Inf,-Inf,-Inf,-Inf,-Inf,-Inf,-Inf,-Inf,-Inf,-Inf,-Inf,-Inf,-Inf,-Inf,-Inf,-Inf,-Inf,-Inf,-Inf,-Inf,-Inf,-Inf,-Inf,-Inf,-Inf,-Inf,-Inf,-Inf,-Inf,-Inf,-Inf,-Inf,-Inf,-Inf,-Inf,-Inf,-Inf,-Inf,-Inf,-Inf,-Inf,-Inf,-Inf,-Inf,-Inf,-Inf,-Inf,-Inf,-Inf,-Inf,-Inf,-Inf,-Inf,-Inf,-Inf,-Inf,-Inf,-Inf,-Inf,-Inf,-Inf,-Inf,-Inf,-Inf,-Inf,-Inf,-Inf,-Inf,-Inf,-Inf,-Inf,-Inf,-Inf,-Inf,-Inf,-Inf,-Inf,-Inf,-Inf,-Inf,-Inf,-Inf
-Inf,-Inf,-Inf,-Inf,-Inf,-Inf,-Inf,-Inf,-Inf,-Inf,-Inf,-Inf,-Inf,-Inf,-Inf,-Inf,-Inf,-Inf,-Inf,-Inf,-Inf,-Inf,-Inf,-Inf,-Inf,-Inf,-Inf,-Inf,-Inf,-Inf,-Inf,-Inf,-Inf,-Inf,-Inf,-Inf,-Inf,-Inf,-Inf,-Inf,-Inf,-Inf,-Inf,-Inf,-Inf,-Inf,-Inf,-Inf,-Inf,-Inf,-Inf,-Inf,-Inf,-Inf,-Inf,-Inf,-Inf,-Inf,-Inf,-Inf,-Inf,-Inf,-Inf,-Inf,-Inf,-Inf,-Inf,-Inf,-Inf,-Inf,-Inf,-Inf,-Inf,-Inf,-Inf,-Inf,-Inf,-Inf,-Inf,-Inf,-Inf,-Inf,-Inf,-Inf,-Inf,-Inf,-Inf,-Inf,-Inf,-Inf,-Inf,-Inf,-Inf,-Inf,-Inf,-Inf,-Inf,-Inf,-Inf,-Inf,-Inf,-Inf,-Inf,-Inf,-Inf,-Inf,-Inf,-Inf,-Inf,-Inf,-Inf,-Inf,-Inf,-Inf,-Inf,-Inf,-Inf,-Inf,-Inf,-Inf,-Inf,-Inf,-Inf,-Inf,-Inf,-Inf
-Inf,-Inf,-Inf,-Inf,-Inf,-Inf,-Inf,-Inf,-Inf,-Inf,-Inf,-Inf,-Inf,-Inf,-Inf,-Inf,-Inf,-Inf,-Inf,-Inf,-Inf,-Inf,-Inf,-Inf,-Inf,-Inf,-Inf,-Inf,-Inf,-Inf,-Inf,-Inf,-Inf,-Inf,-Inf,-Inf,-Inf,-Inf,-Inf,-Inf,-Inf,-Inf,-Inf,-Inf,-Inf,-Inf,-Inf,-Inf,-Inf,-Inf,-Inf,-Inf,-Inf,-Inf,-Inf,-Inf,-Inf,-Inf,-Inf,-Inf,-Inf,-Inf,-Inf,-Inf,-Inf,-Inf,-Inf,-Inf,-Inf,-Inf,-Inf,-Inf,-Inf,-Inf,-Inf,-Inf,-Inf,-Inf,-Inf,-Inf,-Inf,-Inf,-Inf,-Inf,-Inf,-Inf,-Inf,-Inf,-Inf,-Inf,-Inf,-Inf,-Inf,-Inf,-Inf,-Inf,-Inf,-Inf,-Inf,-Inf,-Inf,-Inf,-Inf,-Inf,-Inf,-Inf,-Inf,-Inf,-Inf,-Inf,-Inf,-Inf,-Inf,-Inf,-Inf,-Inf,-Inf,-Inf,-Inf,-Inf,-Inf,-Inf,-Inf,-Inf,-Inf,-Inf
